TiempoEjecucion,AnguloPitch,AnguloRoll,AnguloYaw,VelocidadPitch,VelocidadRoll,VelocidadYaw,Altura,EstadoEncendido,MensajesRecibidos
49.664137125,-10,-71,0,1,4,8,0,1,3383
49.687114954,-11,-70,0,3,3,9,0,1,3384
49.704572916,-11,-39,0,5,0,8,0,1,3385
49.7130301,-11,-21,0,0,-4,10,0,1,3386
49.738080978,-21,-15,0,-1,-5,12,0,1,3387
49.752979994,-13,-8,0,-3,-3,11,0,1,3388
49.762944937,24,15,0,-1,0,2,0,1,3389
49.78796792,11,14,0,0,0,-2,0,1,3390
49.805429935,-32,-17,0,0,0,-9,0,1,3391
49.813982963,-17,-31,0,0,-1,-6,0,1,3392
49.838916063,-6,-45,0,0,-2,-1,0,1,3393
49.852334022,7,-21,0,1,-2,6,0,1,3394
49.864097118,8,27,0,-3,1,6,0,1,3395
49.889128923,7,22,0,-7,4,4,0,1,3396
49.90191412,12,-7,0,-8,6,-1,0,1,3397
49.914926052,42,-7,0,0,4,-9,0,1,3398
49.93990612,64,-1,0,4,2,-12,0,1,3399
49.952017069,12,8,0,2,-1,-11,0,1,3400
49.970654011,-17,10,0,-4,-3,0,0,1,3401
49.989960909,-13,11,0,-4,-1,2,0,1,3402
50.003804922,19,26,0,0,2,0,0,1,3403
50.016119957,-3,18,0,9,4,-9,0,1,3404
50.040879011,-11,12,0,11,2,-12,0,1,3405
50.05301404,-26,8,0,5,-2,-11,0,1,3406
50.065968037,34,30,0,-3,-4,0,0,1,3407
50.091140985,45,9,0,-5,-2,6,0,1,3408
50.104246139,29,-11,0,-3,3,6,0,1,3409
50.116998911,3,11,0,5,4,-2,0,1,3410
50.141979933,-4,23,0,9,3,-5,0,1,3411
50.154045105,8,47,0,8,0,-4,0,1,3412
50.167086124,18,36,0,1,-1,0,0,1,3413
50.192235947,5,16,0,0,-1,3,0,1,3414
50.204987049,-19,5,0,2,0,4,0,1,3415
50.218039989,8,22,0,2,2,1,0,1,3416
50.242967129,15,22,0,0,2,0,0,1,3417
50.255448103,13,13,0,-2,0,-3,0,1,3418
50.268041134,6,1,0,0,-2,-6,0,1,3419
50.293021917,-5,2,0,3,-2,-7,0,1,3420
50.305968046,-35,17,0,5,0,-3,0,1,3421
50.318938017,12,-1,0,0,2,0,0,1,3422
50.344329119,20,-12,0,-2,4,0,0,1,3423
50.357190132,-2,-29,0,0,4,-3,0,1,3424
50.369966984,21,-13,0,6,1,-6,0,1,3425
50.394011021,26,-6,0,8,0,-6,0,1,3426
50.407047033,-3,-23,0,7,0,-3,0,1,3427
50.420002937,9,-16,0,3,1,3,0,1,3428
50.444970131,21,-7,0,3,1,4,0,1,3429
50.457852125,0,-23,0,3,-1,1,0,1,3430
50.470966101,-6,-20,0,2,-4,-3,0,1,3431
50.49538207,-8,-19,0,1,-4,-3,0,1,3432
50.508095026,-15,-21,0,-3,0,0,0,1,3433
50.520955086,-28,-1,0,-5,3,6,0,1,3434
50.545946121,-31,11,0,-4,4,8,0,1,3435
50.559114933,-19,12,0,0,4,5,0,1,3436
50.57237792,5,14,0,3,1,0,0,1,3437
50.59602499,17,12,0,3,0,-3,0,1,3438
50.609303951,21,-10,0,0,-1,-4,0,1,3439
50.621926069,-4,-29,0,-7,-1,-2,0,1,3440
50.647092104,-7,-28,0,-10,0,0,0,1,3441
50.660201073,19,-23,0,-7,3,0,0,1,3442
50.672924995,1,-21,0,1,4,-8,0,1,3443
50.698035002,-24,-6,0,4,4,-12,0,1,3444
50.709984064,-17,6,0,5,0,-9,0,1,3445
50.722974062,7,7,0,0,-2,3,0,1,3446
50.748080015,5,17,0,-4,-2,7,0,1,3447
50.760951996,33,8,0,-8,1,5,0,1,3448
50.773963928,10,-1,0,-3,4,-3,0,1,3449
50.799039125,-12,11,0,0,3,-7,0,1,3450
50.811154127,-14,22,0,0,-1,-5,0,1,3451
50.824151039,46,19,0,-4,-5,-1,0,1,3452
50.848971128,31,45,0,-6,-4,-1,0,1,3453
50.861964941,-6,-9,0,-5,0,-1,0,1,3454
50.874947071,3,-23,0,1,5,5,0,1,3455
50.899884939,9,-15,0,4,6,9,0,1,3456
50.912629127,0,-13,0,3,3,11,0,1,3457
50.925063133,-30,-47,0,-2,-1,1,0,1,3458
50.950098991,-41,-34,0,-3,-2,-2,0,1,3459
50.963010073,-54,-7,0,-4,0,-1,0,1,3460
50.976118088,15,-16,0,-4,2,6,0,1,3461
51.000941992,48,-3,0,-5,3,8,0,1,3462
51.013034105,25,5,0,-5,0,4,0,1,3463
51.025989056,-21,-9,0,0,-2,-3,0,1,3464
51.051053047,-18,-16,0,1,-2,-4,0,1,3465
51.063935041,-14,-48,0,2,0,0,0,1,3466
51.077028036,-2,-33,0,-3,5,6,0,1,3467
51.101984024,8,-32,0,-7,6,6,0,1,3468
51.114543915,5,-39,0,-7,3,1,0,1,3469
51.127157926,-28,-9,0,1,0,-7,0,1,3470
51.151981115,0,-10,0,5,-2,-9,0,1,3471
51.164960146,26,-14,0,5,-2,-6,0,1,3472
51.17800498,8,-9,0,-1,-1,3,0,1,3473
51.203046083,-7,-23,0,-3,0,6,0,1,3474
51.215507984,6,-19,0,-1,3,3,0,1,3475
51.228022098,10,8,0,6,5,-1,0,1,3476
51.254599094,12,4,0,10,4,-3,0,1,3477
51.265993118,21,-5,0,8,1,-3,0,1,3478
51.278907061,-53,-5,0,0,-2,1,0,1,3479
51.304060936,-81,-9,0,-2,-3,3,0,1,3480
51.315926075,-11,13,0,-3,-3,5,0,1,3481
51.329056024,16,31,0,-1,0,0,0,1,3482
51.354063034,2,38,0,-1,1,-3,0,1,3483
51.36717391,-18,36,0,0,2,-5,0,1,3484
51.379895925,4,2,0,-1,1,2,0,1,3485
51.405022144,8,-6,0,-2,0,8,0,1,3486
51.4169631,3,-15,0,-2,1,12,0,1,3487
51.429934978,-9,-39,0,0,5,2,0,1,3488
51.45500803,-23,-31,0,1,5,-2,0,1,3489
51.472213983,-35,12,0,1,3,-5,0,1,3490
51.480953932,20,20,0,-3,-1,0,0,1,3491
51.505085945,32,16,0,-7,-2,1,0,1,3492
51.517931938,5,4,0,-10,-3,4,0,1,3493
51.53099513,-14,4,0,-3,0,0,0,1,3494
51.555994987,-6,15,0,2,0,-4,0,1,3495
51.569468021,10,23,0,7,2,-6,0,1,3496
51.581984997,-22,4,0,0,0,-3,0,1,3497
51.605958939,-30,-5,0,-5,0,-1,0,1,3498
51.621170998,4,-8,0,-8,0,1,0,1,3499
51.632066965,4,2,0,-1,4,4,0,1,3500
51.656976938,4,0,0,2,6,4,0,1,3501
51.66998601,17,-18,0,5,4,2,0,1,3502
51.682944059,-17,3,0,2,0,-2,0,1,3503
51.70706296,-31,9,0,0,-2,-3,0,1,3504
51.719914913,-8,-39,0,-4,-4,-3,0,1,3505
51.732962131,45,-34,0,-4,-3,1,0,1,3506
51.757977962,45,-22,0,-2,-1,5,0,1,3507
51.776169062,20,-44,0,0,2,7,0,1,3508
51.784037113,-14,-30,0,0,2,0,0,1,3509
51.807918072,-28,-23,0,0,2,-3,0,1,3510
51.82098794,-17,-70,0,-1,2,-4,0,1,3511
51.83398509,-10,-26,0,-9,4,3,0,1,3512
51.85889411,-4,3,0,-13,5,7,0,1,3513
51.872015953,9,0,0,-7,6,7,0,1,3514
51.884557009,22,-32,0,6,3,-2,0,1,3515
51.90913105,23,-29,0,9,1,-6,0,1,3516
51.921998978,15,0,0,4,-3,-6,0,1,3517
51.935049057,8,-7,0,-3,-6,0,0,1,3518
51.959988117,3,-19,0,-4,-6,0,0,1,3519
51.973016977,-8,-21,0,0,-3,0,0,1,3520
51.985872984,-45,1,0,-1,0,-2,0,1,3521
52.009918928,-50,9,0,-4,2,-1,0,1,3522
52.023241043,7,23,0,-6,3,1,0,1,3523
52.035906076,13,-3,0,3,1,-2,0,1,3524
52.061196089,1,-21,0,9,0,-6,0,1,3525
52.074156046,1,-23,0,10,0,-8,0,1,3526
52.085915089,14,-6,0,-4,0,4,0,1,3527
52.110966921,-2,-18,0,-11,1,11,0,1,3528
52.124172926,-12,-31,0,-13,3,12,0,1,3529
52.136928081,-46,-15,0,1,2,-3,0,1,3530
52.162004948,-66,8,0,8,2,-9,0,1,3531
52.174212933,-37,8,0,7,1,-7,0,1,3532
52.186945915,22,-17,0,-4,2,7,0,1,3533
52.212244034,18,-15,0,-9,2,11,0,1,3534
52.225108147,3,-16,0,-8,2,8,0,1,3535
52.237987041,23,-9,0,1,1,-1,0,1,3536
52.263018131,33,27,0,5,0,-4,0,1,3537
52.275202036,-39,2,0,3,-1,-4,0,1,3538
52.288028002,-25,-20,0,-2,-2,0,0,1,3539
52.313144922,-20,-16,0,-3,-2,1,0,1,3540
52.327770948,-10,-19,0,0,0,0,0,1,3541
52.339046955,22,-28,0,2,5,0,0,1,3542
52.362972021,44,-24,0,1,6,2,0,1,3543
52.376204967,40,-20,0,0,4,2,0,1,3544
52.388950109,28,12,0,1,0,0,0,1,3545
52.414128065,24,21,0,2,-1,-1,0,1,3546
52.426124096,6,-31,0,1,0,0,0,1,3547
52.439024925,-25,-17,0,0,2,3,0,1,3548
52.462988138,-42,28,0,0,2,4,0,1,3549
52.477154016,-31,6,0,2,1,3,0,1,3550
52.489089966,10,-8,0,3,0,0,0,1,3551
52.513911962,17,-6,0,3,-1,0,0,1,3552
52.527019977,24,-19,0,1,-1,1,0,1,3553
52.542101145,31,2,0,4,-1,0,0,1,3554
52.564049959,35,3,0,7,0,-2,0,1,3555
52.576913118,26,-23,0,7,0,-5,0,1,3556
52.589946031,-17,-12,0,-2,1,0,0,1,3557
52.615008116,-21,-23,0,-6,1,4,0,1,3558
52.62708497,-3,-45,0,-5,1,4,0,1,3559
52.639977932,-44,1,0,4,0,-6,0,1,3560
52.665045023,-51,2,0,9,0,-12,0,1,3561
52.677958012,-28,-30,0,9,-1,-12,0,1,3562
52.690943003,-2,-15,0,0,0,0,0,1,3563
52.715942144,37,-7,0,-5,0,5,0,1,3564
52.727970123,43,-16,0,-6,1,7,0,1,3565
52.741014004,21,-15,0,5,0,0,0,1,3566
52.765990972,17,-20,0,11,0,-2,0,1,3567
52.779782057,21,-20,0,13,0,-2,0,1,3568
52.791994095,-33,3,0,4,0,1,0,1,3569
52.819876909,-46,-13,0,0,0,1,0,1,3570
52.829064131,-31,-56,0,-3,-1,-1,0,1,3571
52.842102051,-49,-10,0,-2,-1,-1,0,1,3572
52.867052078,-48,-7,0,-1,-1,0,0,1,3573
52.880154133,-41,-35,0,1,0,3,0,1,3574
52.894593954,-9,-72,0,4,1,0,0,1,3575
52.917952061,14,-63,0,4,1,-4,0,1,3576
52.930114031,17,-40,0,0,1,-8,0,1,3577
52.942939997,30,9,0,-4,0,0,0,1,3578
52.967845917,30,18,0,-5,0,4,0,1,3579
52.981249094,24,4,0,-3,1,7,0,1,3580
52.993937015,14,-23,0,5,4,2,0,1,3581
53.018049955,-2,-37,0,10,5,-1,0,1,3582
53.032414913,-52,-25,0,12,4,-4,0,1,3583
53.044075012,-78,-2,0,2,0,-3,0,1,3584
53.068921089,-80,1,0,-2,-2,-2,0,1,3585
53.082202911,-53,-18,0,-5,-5,-2,0,1,3586
53.094918966,-12,-11,0,0,-3,1,0,1,3587
53.119066954,12,6,0,4,0,3,0,1,3588
53.132070064,23,11,0,5,5,7,0,1,3589
53.145062923,29,-9,0,2,6,4,0,1,3590
53.170084,35,-12,0,0,4,0,0,1,3591
53.182047129,38,3,0,0,0,-7,0,1,3592
53.195060968,15,1,0,4,-3,-5,0,1,3593
53.219954014,-3,-9,0,7,-4,-2,0,1,3594
53.237040996,-29,-17,0,7,-2,4,0,1,3595
53.247755051,-12,-6,0,1,0,7,0,1,3596
53.270946979,-10,1,0,-1,2,5,0,1,3597
53.283007145,-28,23,0,-1,3,-1,0,1,3598
53.296286106,-26,-2,0,1,1,-5,0,1,3599
53.320999145,-16,-13,0,3,1,-4,0,1,3600
53.334094047,-3,-9,0,1,2,0,0,1,3601
53.346969128,14,-11,0,0,3,3,0,1,3602
53.372029066,19,-12,0,0,2,3,0,1,3603
53.384025097,15,-2,0,0,0,2,0,1,3604
53.396955013,-9,-46,0,1,-1,0,0,1,3605
53.42199707,-20,-70,0,2,-2,-1,0,1,3606
53.435868978,-53,37,0,4,-2,-4,0,1,3607
53.44791913,-62,25,0,3,-2,-1,0,1,3608
53.472151041,-65,20,0,2,-1,0,0,1,3609
53.485033035,-13,10,0,0,2,1,0,1,3610
53.498031139,2,-7,0,4,5,2,0,1,3611
53.523001909,-5,-6,0,8,5,1,0,1,3612
53.535923958,-8,9,0,11,3,-2,0,1,3613
53.548918009,13,0,0,7,0,-4,0,1,3614
53.573086023,17,-2,0,4,-1,-3,0,1,3615
53.585895061,12,12,0,-4,-3,2,0,1,3616
53.598940134,10,22,0,-7,-2,7,0,1,3617
53.623933077,2,25,0,-6,-1,7,0,1,3618
53.636914015,-20,41,0,-2,2,0,0,1,3619
53.64901495,-12,23,0,3,5,-5,0,1,3620
53.675981045,-12,8,0,5,5,-6,0,1,3621
53.687243938,-25,7,0,6,3,-8,0,1,3622
53.699907064,-33,6,0,2,-1,-8,0,1,3623
53.724897146,-34,5,0,0,-2,-7,0,1,3624
53.737452984,-12,3,0,-6,-2,-3,0,1,3625
53.749928951,6,11,0,-6,2,3,0,1,3626
53.775073051,4,16,0,-4,4,5,0,1,3627
53.788173914,-9,14,0,1,3,7,0,1,3628
53.800951958,28,-30,0,4,-1,5,0,1,3629
53.824975014,49,-37,0,2,-2,4,0,1,3630
53.838072061,36,-26,0,-3,-1,1,0,1,3631
53.850958109,10,0,0,-2,0,-1,0,1,3632
53.876486063,15,-5,0,0,0,-2,0,1,3633
53.892920971,11,-37,0,3,0,-1,0,1,3634
53.901077986,0,-53,0,-3,4,6,0,1,3635
53.926054001,3,-60,0,-6,6,9,0,1,3636
53.939105987,-4,-28,0,-6,7,5,0,1,3637
53.951897144,-32,24,0,2,1,-9,0,1,3638
53.976958036,-34,31,0,5,-1,-15,0,1,3639
53.989085913,-32,-4,0,4,-4,-13,0,1,3640
54.002027988,-1,23,0,-1,-2,6,0,1,3641
54.026998043,10,45,0,-3,0,13,0,1,3642
54.04006505,25,31,0,-2,2,12,0,1,3643
54.053050995,35,17,0,1,2,-1,0,1,3644
54.078047037,35,20,0,2,1,-7,0,1,3645
54.089926958,32,-7,0,4,0,-9,0,1,3646
54.105412006,18,9,0,1,0,-4,0,1,3647
54.128135919,13,21,0,0,0,-1,0,1,3648
54.141011953,12,5,0,-3,0,1,0,1,3649
54.153964043,-13,-1,0,-4,3,0,0,1,3650
54.178008079,-32,16,0,-5,3,-1,0,1,3651
54.190952063,-30,34,0,-3,2,-5,0,1,3652
54.203985929,-42,31,0,4,0,-11,0,1,3653
54.229286909,-41,19,0,7,-1,-12,0,1,3654
54.24191308,-36,-6,0,6,0,-7,0,1,3655
54.254130125,-60,-10,0,-3,0,1,0,1,3656
54.278948069,-59,-14,0,-8,0,5,0,1,3657
54.292207003,-20,-48,0,-12,-1,5,0,1,3658
54.304938078,21,-15,0,-4,0,-1,0,1,3659
54.33003211,34,5,0,1,1,-5,0,1,3660
54.34248805,33,7,0,8,3,-8,0,1,3661
54.355076075,37,12,0,0,2,-5,0,1,3662
54.383605957,46,5,0,-7,1,-3,0,1,3663
54.392961025,43,-24,0,-12,0,-2,0,1,3664
54.406041145,25,-25,0,0,-1,-2,0,1,3665
54.43107295,17,-18,0,5,-2,0,0,1,3666
54.443192959,10,-18,0,3,-1,4,0,1,3667
54.456046104,-33,-43,0,-4,1,6,0,1,3668
54.480931997,-63,-27,0,-5,2,4,0,1,3669
54.494477987,8,-13,0,-1,1,0,0,1,3670
54.506905079,-18,-3,0,2,-1,-5,0,1,3671
54.534373999,-24,1,0,1,-2,-5,0,1,3672
54.544040918,-19,-6,0,-3,0,0,0,1,3673
54.56402111,-8,-20,0,-6,1,2,0,1,3674
54.58198595,-6,-11,0,-6,2,1,0,1,3675
54.594895124,4,29,0,-2,1,-2,0,1,3676
54.607965946,-2,25,0,2,0,-4,0,1,3677
54.631978989,-5,26,0,4,-1,-4,0,1,3678
54.64495492,-2,28,0,4,-1,-3,0,1,3679
54.658069134,19,-14,0,1,-3,0,0,1,3680
54.683105946,13,53,0,-1,-3,3,0,1,3681
54.695967913,-6,71,0,-3,0,8,0,1,3682
54.709008932,23,29,0,-4,5,7,0,1,3683
54.732990026,29,18,0,-3,6,3,0,1,3684
54.745978117,11,29,0,1,3,-3,0,1,3685
54.763986111,-10,31,0,3,-2,-5,0,1,3686
54.783934116,-15,34,0,2,-4,-3,0,1,3687
54.796952009,-20,40,0,-1,-5,1,0,1,3688
54.81212306,-37,36,0,-5,0,4,0,1,3689
54.83398509,-59,22,0,-7,1,3,0,1,3690
54.847836971,-56,-24,0,-6,4,-2,0,1,3691
54.859970093,9,-29,0,0,4,-8,0,1,3692
54.884904146,34,8,0,4,2,-8,0,1,3693
54.8969841,28,13,0,6,0,-3,0,1,3694
54.909950972,27,19,0,0,-1,0,0,1,3695
54.935624123,32,20,0,-4,-1,0,0,1,3696
54.947886944,46,0,0,-7,-1,2,0,1,3697
54.961123943,40,-15,0,-1,-1,6,0,1,3698
54.98517108,34,-6,0,2,0,8,0,1,3699
54.998212099,21,17,0,7,2,7,0,1,3700
55.011003017,-26,8,0,6,2,0,0,1,3701
55.036006927,-44,0,0,4,1,-5,0,1,3702
55.049056053,-58,-30,0,-4,-2,-8,0,1,3703
55.062017918,-48,-42,0,-14,-3,0,0,1,3704
55.091176987,-60,-15,0,-15,-3,4,0,1,3705
55.099153995,-39,18,0,-9,0,6,0,1,3706
55.112105131,6,-45,0,0,2,-3,0,1,3707
55.136919975,11,-49,0,3,3,-7,0,1,3708
55.14993906,15,-36,0,3,2,-7,0,1,3709
55.161967993,32,-9,0,0,0,1,0,1,3710
55.187751055,36,2,0,-1,-2,4,0,1,3711
55.199895143,31,10,0,-1,-1,2,0,1,3712
55.215960026,5,-28,0,0,1,0,0,1,3713
55.23803401,-8,-43,0,0,3,0,0,1,3714
55.249952078,-3,7,0,-1,5,4,0,1,3715
55.262963056,-64,-27,0,1,3,1,0,1,3716
55.288649082,-50,-40,0,4,1,-2,0,1,3717
55.301518917,-36,-9,0,8,-3,-8,0,1,3718
55.314012051,-44,-8,0,5,-5,-3,0,1,3719
55.338961124,-44,-9,0,1,-5,2,0,1,3720
55.351011991,-8,17,0,-4,-2,10,0,1,3721
55.364074945,10,1,0,-3,0,7,0,1,3722
55.389032125,6,-2,0,0,2,3,0,1,3723
55.401983023,9,13,0,7,5,-6,0,1,3724
55.414921999,32,47,0,9,3,-7,0,1,3725
55.438986063,35,54,0,7,1,-4,0,1,3726
55.452376127,45,42,0,-2,-1,1,0,1,3727
55.464993954,32,-8,0,-7,-1,3,0,1,3728
55.489987135,23,-7,0,-5,0,1,0,1,3729
55.502901077,36,11,0,1,0,-3,0,1,3730
55.519913912,43,-37,0,4,1,-3,0,1,3731
55.539928913,38,-40,0,3,1,-3,0,1,3732
55.553028107,36,2,0,0,0,-4,0,1,3733
55.565989017,25,19,0,0,-2,-1,0,1,3734
55.591027021,16,15,0,0,-3,1,0,1,3735
55.603941917,-8,13,0,-2,-1,5,0,1,3736
55.617038011,-4,-16,0,-6,2,7,0,1,3737
55.64398694,-1,-27,0,-7,2,6,0,1,3738
55.654031992,-20,-3,0,-4,-1,2,0,1,3739
55.670650005,-40,-4,0,0,-4,-2,0,1,3740
55.695819139,-32,-59,0,0,-3,-3,0,1,3741
55.704993963,-18,-69,0,0,2,-3,0,1,3742
55.717956066,5,-59,0,0,5,0,0,1,3743
55.74290514,20,-49,0,0,5,0,0,1,3744
55.756005049,25,3,0,0,2,0,0,1,3745
55.768480062,32,-5,0,5,1,-2,0,1,3746
55.793523073,38,-23,0,9,1,-3,0,1,3747
55.806067944,50,-21,0,10,1,-5,0,1,3748
55.819798946,45,38,0,7,-2,-10,0,1,3749
55.843078136,43,42,0,5,-5,-13,0,1,3750
55.855962992,43,18,0,3,-8,-8,0,1,3751
55.868947983,-3,1,0,1,-5,6,0,1,3752
55.893953085,-10,-2,0,0,-2,10,0,1,3753
55.905889034,-17,-1,0,-1,5,10,0,1,3754
55.919009924,-53,22,0,-3,8,2,0,1,3755
55.94421196,-79,8,0,-2,7,-1,0,1,3756
55.956932068,-40,-49,0,0,2,-6,0,1,3757
55.969906092,-3,13,0,1,-2,-5,0,1,3758
55.994933128,-5,19,0,0,-3,-4,0,1,3759
56.006963015,-9,8,0,-2,-3,-1,0,1,3760
56.019992113,22,13,0,-4,-2,0,0,1,3761
56.045046091,27,4,0,-4,0,0,0,1,3762
56.057954073,19,-19,0,-1,2,-3,0,1,3763
56.071977138,-9,-20,0,5,5,-15,0,1,3764
56.099352121,-21,-13,0,8,5,-20,0,1,3765
56.1080091,37,-24,0,7,1,-17,0,1,3766
56.121119022,47,-17,0,0,-3,1,0,1,3767
56.145941973,35,-16,0,-2,-4,9,0,1,3768
56.162972927,16,-24,0,-2,-3,12,0,1,3769
56.171015024,39,-3,0,3,0,1,0,1,3770
56.196125984,55,18,0,5,2,-5,0,1,3771
56.209095001,58,-3,0,3,4,-10,0,1,3772
56.221888065,5,-29,0,-2,2,-6,0,1,3773
56.246954918,-2,-4,0,-3,1,-5,0,1,3774
56.259510994,6,30,0,-2,-1,-4,0,1,3775
56.272058964,-36,-38,0,0,-2,-8,0,1,3776
56.296946049,-45,-40,0,0,-2,-8,0,1,3777
56.310035944,-45,-19,0,2,-1,-2,0,1,3778
56.322931051,-59,-23,0,1,1,7,0,1,3779
56.347031116,-68,-17,0,0,2,9,0,1,3780
56.360095978,-44,12,0,-2,2,4,0,1,3781
56.375816107,-32,-16,0,0,0,-7,0,1,3782
56.397931099,-27,-16,0,2,0,-10,0,1,3783
56.411049128,-7,8,0,3,-1,-5,0,1,3784
56.423073053,-1,-7,0,-2,-1,6,0,1,3785
56.448144913,12,-3,0,-4,0,9,0,1,3786
56.460942984,33,22,0,-3,0,5,0,1,3787
56.474622965,-1,-20,0,1,0,-11,0,1,3788
56.499058008,-11,-32,0,3,0,-16,0,1,3789
56.511086941,14,-14,0,4,1,-10,0,1,3790
56.524318933,62,-1,0,2,2,2,0,1,3791
56.549008131,54,-15,0,0,1,6,0,1,3792
56.562183142,39,-20,0,-2,0,5,0,1,3793
56.575010061,-7,-25,0,-6,-3,0,0,1,3794
56.598945141,-21,-25,0,-7,-3,0,0,1,3795
56.612050056,5,-7,0,-5,-1,-5,0,1,3796
56.625075102,22,19,0,2,1,-9,0,1,3797
56.650017977,13,19,0,7,2,-10,0,1,3798
56.663248062,-7,7,0,9,3,-5,0,1,3799
56.675049066,-11,-6,0,2,2,2,0,1,3800
56.699995994,-16,-14,0,-1,0,6,0,1,3801
56.712873936,-38,-19,0,-7,-2,7,0,1,3802
56.725934982,-43,22,0,-3,-2,3,0,1,3803
56.75100708,-39,23,0,0,-1,1,0,1,3804
56.763015032,-44,5,0,8,0,0,0,1,3805
56.776004076,-42,-9,0,8,1,5,0,1,3806
56.803942919,-43,-11,0,5,1,6,0,1,3807
56.81390214,-65,-9,0,-3,3,3,0,1,3808
56.826975107,-67,15,0,-2,2,-1,0,1,3809
56.850989103,-44,10,0,0,0,-2,0,1,3810
56.864083052,-18,-20,0,5,-3,-1,0,1,3811
56.876991033,4,22,0,3,-3,0,0,1,3812
56.902102947,16,39,0,1,-2,0,0,1,3813
56.913975,20,24,0,0,0,-1,0,1,3814
56.927082062,45,20,0,0,0,-2,0,1,3815
56.952990055,50,22,0,0,0,-3,0,1,3816
56.96501112,31,24,0,1,0,-2,0,1,3817
56.977986097,-8,-19,0,2,4,0,0,1,3818
57.002928972,-19,-29,0,2,6,0,0,1,3819
57.016783953,14,21,0,1,4,-1,0,1,3820
57.028161049,54,0,0,0,0,-2,0,1,3821
57.053076982,46,-18,0,1,-1,-1,0,1,3822
57.065925121,29,-15,0,2,-1,0,0,1,3823
57.079896927,15,-25,0,1,0,0,0,1,3824
57.104006052,13,-34,0,0,0,0,0,1,3825
57.116231918,44,-17,0,-3,0,0,0,1,3826
57.128932953,32,15,0,-7,0,1,0,1,3827
57.154036045,13,9,0,-9,0,1,0,1,3828
57.169158935,11,-27,0,-6,0,0,0,1,3829
57.179013014,3,-21,0,4,0,-7,0,1,3830
57.204003096,-24,-14,0,8,0,-10,0,1,3831
57.216903925,-25,-63,0,9,3,-8,0,1,3832
57.233000994,-41,1,0,2,3,4,0,1,3833
57.255002022,-30,5,0,-1,3,9,0,1,3834
57.267004013,-28,-7,0,-2,2,5,0,1,3835
57.279942036,-50,-13,0,3,1,-7,0,1,3836
57.306749105,-55,-12,0,6,0,-11,0,1,3837
57.317914963,-54,-15,0,6,-3,-8,0,1,3838
57.334788084,-26,-26,0,0,-4,-1,0,1,3839
57.354995012,-10,-22,0,-3,-2,0,0,1,3840
57.367949009,-5,-12,0,-1,0,-1,0,1,3841
57.383363962,-11,-19,0,0,1,-3,0,1,3842
57.405904055,-9,-17,0,-1,0,-3,0,1,3843
57.419275999,-8,7,0,-3,-2,0,0,1,3844
57.431046009,15,9,0,-2,-2,1,0,1,3845
57.455970049,36,-2,0,-1,0,0,0,1,3846
57.468939066,17,10,0,-1,2,-3,0,1,3847
57.482084036,-18,10,0,-2,2,-6,0,1,3848
57.506905079,-15,-2,0,-2,1,-5,0,1,3849
57.519006014,6,-50,0,-3,0,-3,0,1,3850
57.532050133,39,-12,0,-2,0,0,0,1,3851
57.557078123,37,8,0,0,0,0,0,1,3852
57.572185039,35,3,0,4,0,2,0,1,3853
57.58310008,46,-10,0,4,0,2,0,1,3854
57.606975079,50,-6,0,2,0,2,0,1,3855
57.619939089,54,5,0,-1,0,2,0,1,3856
57.632970095,49,9,0,0,1,2,0,1,3857
57.657891989,39,8,0,0,1,1,0,1,3858
57.66999793,29,-5,0,2,1,2,0,1,3859
57.682941914,23,-26,0,-1,1,7,0,1,3860
57.708076954,21,-25,0,-3,1,8,0,1,3861
57.720916986,42,33,0,-2,0,2,0,1,3862
57.733978987,53,-17,0,8,-1,-9,0,1,3863
57.758008957,26,-32,0,12,-1,-13,0,1,3864
57.771012068,9,-18,0,11,-2,-11,0,1,3865
57.783967018,-26,-31,0,1,-1,-1,0,1,3866
57.811026096,-28,-38,0,-3,0,3,0,1,3867
57.821025133,-15,-3,0,-5,1,7,0,1,3868
57.83416605,-27,1,0,0,3,6,0,1,3869
57.859055042,-28,-21,0,4,4,5,0,1,3870
57.874238014,-21,-13,0,6,4,1,0,1,3871
57.887807131,-40,31,0,0,2,-3,0,1,3872
57.908987045,-48,24,0,-4,0,-5,0,1,3873
57.921967983,-22,-29,0,-10,-2,-8,0,1,3874
57.938059091,-22,-10,0,-4,-3,-5,0,1,3875
57.960040092,-28,17,0,0,-2,-2,0,1,3876
57.972924948,-32,24,0,5,1,1,0,1,3877
57.985059977,-51,-20,0,1,4,2,0,1,3878
58.010061979,-46,-20,0,-1,4,2,0,1,3879
58.023029089,-27,16,0,-1,1,2,0,1,3880
58.035929918,-48,28,0,0,-2,1,0,1,3881
58.060914993,-45,31,0,1,-3,0,0,1,3882
58.073151112,-15,25,0,1,-2,1,0,1,3883
58.085935116,10,-26,0,0,2,-1,0,1,3884
58.110942125,6,-14,0,-1,3,-4,0,1,3885
58.128212929,-4,40,0,-1,3,-7,0,1,3886
58.136026144,-2,38,0,-1,1,-3,0,1,3887
58.159984112,10,26,0,0,1,0,0,1,3888
58.173248053,21,20,0,2,0,1,0,1,3889
58.186092138,19,13,0,6,0,-3,0,1,3890
58.211020946,16,14,0,5,-1,-5,0,1,3891
58.222965956,-8,59,0,0,-1,-3,0,1,3892
58.236000061,7,67,0,-6,0,3,0,1,3893
58.261174917,29,46,0,-6,1,4,0,1,3894
58.275506973,27,26,0,-1,3,0,0,1,3895
58.287004948,10,28,0,5,4,-10,0,1,3896
58.312190056,12,18,0,7,3,-12,0,1,3897
58.323954105,36,-14,0,3,0,-5,0,1,3898
58.339839935,60,-11,0,-7,-2,9,0,1,3899
58.361938,68,-1,0,-12,-4,14,0,1,3900
58.374994039,46,10,0,-10,-3,13,0,1,3901
58.387929916,23,0,0,2,0,2,0,1,3902
58.413007975,22,8,0,6,0,-2,0,1,3903
58.425022125,19,25,0,5,3,-3,0,1,3904
58.437943935,25,-6,0,-1,3,-1,0,1,3905
58.462922096,25,-15,0,-3,2,-1,0,1,3906
58.476006031,27,-5,0,-1,1,-5,0,1,3907
58.488065004,51,-17,0,1,0,-6,0,1,3908
58.513060093,43,-30,0,1,0,-3,0,1,3909
58.526169062,33,-32,0,-1,0,6,0,1,3910
58.538931131,39,-17,0,-4,3,10,0,1,3911
58.564038992,41,-16,0,-5,4,9,0,1,3912
58.576009035,48,-23,0,-4,3,5,0,1,3913
58.588984966,62,1,0,1,0,3,0,1,3914
58.61405611,53,5,0,3,0,3,0,1,3915
58.627917051,23,-23,0,3,0,3,0,1,3916
58.639928102,39,-4,0,0,1,2,0,1,3917
58.663988113,42,7,0,-2,1,0,0,1,3918
58.679919958,35,-3,0,-4,0,-3,0,1,3919
58.690005064,16,-3,0,-1,-1,-5,0,1,3920
58.714967012,3,1,0,0,-1,-4,0,1,3921
58.726946115,-13,-2,0,4,-1,0,0,1,3922
58.740232944,-17,-44,0,7,0,-2,0,1,3923
58.76496911,-16,-63,0,6,1,-6,0,1,3924
58.778083086,-21,-57,0,0,3,-9,0,1,3925
58.790936947,-24,-21,0,-12,2,-1,0,1,3926
58.815999031,-25,-19,0,-17,0,3,0,1,3927
58.828052998,-24,0,0,-12,0,6,0,1,3928
58.840997934,-3,-28,0,5,0,-3,0,1,3929
58.865991115,0,-36,0,12,0,-8,0,1,3930
58.879015922,-21,17,0,10,1,-10,0,1,3931
58.891830921,-15,14,0,-1,1,-3,0,1,3932
58.916033029,-7,-7,0,-6,1,0,0,1,3933
58.929038048,-7,-28,0,-5,0,3,0,1,3934
58.941978931,-36,8,0,0,0,4,0,1,3935
58.966954946,-43,16,0,2,0,5,0,1,3936
58.979017019,-42,-2,0,5,0,4,0,1,3937
58.992241144,-42,22,0,0,1,1,0,1,3938
59.016968965,-29,32,0,-4,2,0,0,1,3939
59.030035019,-11,14,0,-7,1,-1,0,1,3940
59.046330929,-44,-5,0,-1,0,2,0,1,3941
59.067928076,-51,-9,0,1,0,4,0,1,3942
59.079978943,-43,-25,0,2,1,5,0,1,3943
59.092945099,-18,-59,0,-2,2,4,0,1,3944
59.11798811,-12,-39,0,-4,2,5,0,1,3945
59.131075144,1,16,0,-5,0,4,0,1,3946
59.144007921,2,-4,0,1,-1,1,0,1,3947
59.168021917,4,-11,0,5,-1,0,0,1,3948
59.180980921,9,13,0,7,-1,-2,0,1,3949
59.19394803,-2,0,0,2,0,-4,0,1,3950
59.21903491,-16,-3,0,0,0,-5,0,1,3951
59.232098102,-34,18,0,-3,0,-1,0,1,3952
59.244924068,-22,-14,0,-4,0,8,0,1,3953
59.269091129,-5,-32,0,-4,2,12,0,1,3954
59.281990051,7,20,0,1,4,8,0,1,3955
59.295000076,6,22,0,10,4,-2,0,1,3956
59.323823929,2,-1,0,12,3,-6,0,1,3957
59.332895994,0,-31,0,6,1,-4,0,1,3958
59.345895052,-1,44,0,-3,0,2,0,1,3959
59.370130062,0,60,0,-7,-1,4,0,1,3960
59.383032083,23,-19,0,-8,-2,3,0,1,3961
59.395972013,30,-13,0,-1,-1,-1,0,1,3962
59.421122074,32,-2,0,1,0,-2,0,1,3963
59.433047056,31,-2,0,1,2,0,0,1,3964
59.445966959,27,14,0,-7,3,3,0,1,3965
59.471060991,27,20,0,-12,3,3,0,1,3966
59.484116077,35,-16,0,-12,0,0,0,1,3967
59.496959925,22,-8,0,-2,-2,-1,0,1,3968
59.522068977,4,24,0,1,-2,0,0,1,3969
59.533957004,3,27,0,3,0,4,0,1,3970
59.547014952,26,-36,0,0,3,6,0,1,3971
59.572338104,28,-40,0,0,4,4,0,1,3972
59.584931135,46,-10,0,0,4,-2,0,1,3973
59.602880001,70,-19,0,2,0,-6,0,1,3974
59.622088909,50,-38,0,1,-1,-4,0,1,3975
59.635015011,53,-30,0,-1,-4,2,0,1,3976
59.648848057,35,-2,0,-4,-4,4,0,1,3977
59.673075914,30,-2,0,-5,-3,1,0,1,3978
59.685956955,35,-18,0,-3,-1,-4,0,1,3979
59.699914932,55,-16,0,1,3,-5,0,1,3980
59.723098993,55,-16,0,3,4,-2,0,1,3981
59.735975027,33,-30,0,3,4,4,0,1,3982
59.748958111,16,-30,0,0,0,9,0,1,3983
59.773944139,11,-23,0,-2,-2,9,0,1,3984
59.786287069,-8,-11,0,-4,-4,6,0,1,3985
59.799022913,-5,-49,0,-3,-2,3,0,1,3986
59.824012995,1,-59,0,-1,0,3,0,1,3987
59.83701992,2,-42,0,2,3,2,0,1,3988
59.849024057,5,-14,0,5,3,-2,0,1,3989
59.874158144,10,-19,0,6,2,-6,0,1,3990
59.887104034,17,-24,0,3,-1,-9,0,1,3991
59.90002203,-23,17,0,-8,-3,-2,0,1,3992
59.925173044,-32,11,0,-12,-2,1,0,1,3993
59.928879023,-32,11,0,-12,-2,1,0,1,3993
59.937839031,-35,3,0,-13,-1,5,0,0,3994
59.946949959,-29,-9,0,-4,1,6,0,0,3995
59.967973947,-34,-9,0,7,3,4,0,0,3996
59.979964018,-44,-22,0,9,3,0,0,0,3997
59.992115974,-13,-30,0,5,2,0,0,0,3998
60.00703311,2,-24,0,3,2,2,0,0,3999
60.01900506,1,-10,0,0,2,1,0,0,4000
60.031130075,-14,-1,0,-4,2,-2,0,0,4001
60.047033071,-15,-3,0,-5,1,-3,0,0,4002
60.058327913,-13,-16,0,-3,2,-5,0,0,4003
60.070153952,-33,-13,0,0,3,-4,0,0,4004
60.08594799,-32,-12,0,0,3,-1,0,0,4005
60.098006964,-4,-12,0,0,2,3,0,0,4006
60.109028101,2,-7,0,4,1,-1,0,0,4007
60.125000954,3,-7,0,6,0,-6,0,0,4008
60.137042999,8,-18,0,5,-1,-8,0,0,4009
60.149019957,11,-4,0,-2,-1,-1,0,0,4010
60.163938045,9,3,0,-4,0,1,0,0,4011
60.18097496,-6,-11,0,-2,2,1,0,0,4012
60.188105106,-10,-17,0,0,2,-2,0,0,4013
60.202948093,-5,-15,0,1,1,-3,0,0,4014
60.215892076,-3,-23,0,0,0,-2,0,0,4015
60.227112055,-2,-27,0,0,1,0,0,0,4016
60.248004913,0,-21,0,-1,2,0,0,0,4017
60.260103941,1,-16,0,-1,1,0,0,0,4018
60.272120953,3,3,0,0,-1,0,0,0,4019
