TiempoEjecucion,AnguloPitch,AnguloRoll,AnguloYaw,G_Pitch,G_Roll,G_Yaw,G_Pitch_filtrada,G_Roll_filtrada,G_Yaw_filtrada,Ax,Ay,Az,Ax_filtrada,Ay_filtrada,Az_filtrada,posZ,posZ_filtrada,velZ,motorDelantero,motorTrasero,motorDerecho,motorIzquierdo,EstadoEncendido,MensajesRecibidos
139.036349058,1,0,3,-7,8,1,-3,-4,2,-101,184,6,-19,-44,168,181,12,-1,191,171,195,165,1,9544
139.064041138,0,0,3,4,2,-1,-4,-4,1,1,234,-58,-5,-34,166,181,12,-1,167,192,177,185,1,9545
139.074062109,0,0,3,-13,1,1,-4,-3,0,-208,68,26,-12,-33,170,181,12,-1,204,157,181,180,1,9546
139.085005045,0,0,3,8,-13,-4,-4,-1,0,84,-32,123,-5,-32,164,181,12,-1,156,202,161,203,1,9547
139.113926173,0,0,3,3,-5,-5,-3,1,-1,169,-102,249,-2,-38,168,181,12,-1,180,176,185,180,1,9548
139.12511611,0,0,2,9,-9,-6,-2,2,-1,-106,17,146,-11,-33,179,181,12,-1,167,189,174,193,1,9549
139.136729002,-1,0,2,0,-1,-3,-1,1,-1,84,203,19,1,-31,179,181,12,-1,188,170,187,177,1,9550
139.165032149,-1,0,2,0,14,0,0,0,-2,-118,-42,101,-15,-39,177,181,12,-1,181,181,203,158,1,9551
139.176422119,-1,0,2,-5,-3,1,1,-3,-3,139,-115,193,-6,-44,186,181,12,-1,189,173,163,197,1,9552
139.186990977,-2,0,2,-15,15,2,2,-5,-3,93,153,36,-13,-38,183,181,12,-1,200,163,205,154,1,9553
139.216333151,-2,0,2,8,4,0,3,-5,-3,-42,-113,173,-7,-43,185,181,12,-1,155,207,175,186,1,9554
139.226164103,-2,0,3,-2,9,5,1,-2,-3,30,177,-15,-1,-29,185,181,12,-1,194,172,188,168,1,9555
139.236977101,-2,0,3,9,-2,0,0,1,-1,-125,-78,171,-2,-44,182,181,12,-1,164,197,170,192,1,9556
139.266343117,-3,0,3,7,-10,-2,-2,5,0,26,-117,242,-6,-44,182,181,12,-1,176,183,167,196,1,9557
139.277135134,-3,0,2,8,0,-6,-3,8,1,97,247,69,-7,-36,187,181,12,-1,172,184,193,173,1,9558
139.288031102,-3,0,2,-2,0,-3,-2,8,2,-107,-103,105,-9,-44,192,181,12,-1,190,168,182,181,1,9559
139.317002058,-3,0,2,-2,-5,6,0,5,2,-49,-11,87,-10,-44,189,181,12,-1,185,182,169,187,1,9560
139.328191996,-4,0,2,-12,6,-2,3,1,0,13,-179,230,-8,-45,201,181,12,-1,196,163,196,167,1,9561
139.340171099,-4,0,2,-9,6,-4,5,-1,-1,-176,-8,-78,-17,-46,189,181,12,-1,182,176,187,178,1,9562
139.367999077,-4,0,2,6,8,-7,5,-3,-2,180,141,203,-8,-36,199,181,12,-1,161,194,190,177,1,9563
139.378225088,-5,0,2,-5,3,0,2,-3,-2,-23,-254,-18,-16,-35,198,181,12,-1,194,167,179,182,1,9564
139.389206171,-5,0,2,12,-2,-7,-1,-1,-2,64,-180,64,-15,-40,191,181,12,-1,154,201,177,190,1,9565
139.418074131,-5,0,2,0,2,0,-4,1,-2,-48,200,179,-17,-35,197,181,12,-1,190,170,185,176,1,9566
139.429190159,-5,-1,2,5,-4,0,-5,4,-2,-139,-19,107,-20,-36,198,181,12,-1,173,188,171,190,1,9567
139.440043211,-5,-1,2,-5,-3,7,-4,5,-3,209,48,199,-14,-25,207,181,12,-1,196,170,176,179,1,9568
139.469040156,-5,-1,2,-8,-6,9,0,5,-3,-32,-3,38,-16,-17,211,181,12,-1,192,177,170,183,1,9569
139.479951144,-6,-1,2,-12,0,3,2,2,-2,-13,-14,175,-16,-17,215,181,12,-1,193,171,186,173,1,9570
139.490123988,-6,-1,2,-6,3,-6,3,0,0,-8,224,89,-15,-6,212,181,12,-1,178,178,188,179,1,9571
139.519105196,-5,-1,2,5,6,0,2,-3,1,-20,-240,255,-19,-11,212,181,12,-1,167,194,187,174,1,9572
139.530722142,-6,-1,2,-13,2,-3,-1,-4,3,209,-83,58,-9,-13,203,181,12,-1,203,155,180,184,1,9573
139.54104805,-5,-1,2,12,3,0,-4,-3,4,-24,-118,102,-14,-10,206,181,12,-1,151,210,184,177,1,9574
139.570044041,-5,-1,2,1,-2,10,-7,-1,3,126,-65,40,-10,-11,211,181,12,-1,192,177,169,183,1,9575
139.581135035,-5,-1,2,0,5,3,-7,1,1,-120,90,234,-11,-10,213,181,12,-1,182,182,189,169,1,9576
139.592054129,-5,-1,2,0,-12,-1,-5,3,0,209,-34,29,-7,-16,210,181,12,-1,181,179,158,204,1,9577
139.621007204,-5,-1,2,-8,-1,0,-2,4,0,-96,62,190,-7,-9,210,181,12,-1,193,169,189,172,1,9578
139.631206036,-5,-1,2,-7,-7,-3,0,3,0,32,60,212,-7,-9,208,181,12,-1,183,175,172,192,1,9579
139.642230988,-5,-1,2,-12,4,0,2,1,1,153,10,150,-2,-4,215,181,12,-1,193,167,194,167,1,9580
139.671083212,-5,-1,2,-4,15,0,2,-1,2,179,-78,170,6,-8,212,181,12,-1,176,185,200,161,1,9581
139.681810141,-5,-1,2,-8,-6,2,0,-3,2,-95,-125,56,-2,-9,211,181,12,-1,190,173,156,202,1,9582
139.69302702,-5,-1,2,10,14,0,-4,-3,1,65,9,-101,0,0,202,181,12,-1,158,203,207,153,1,9583
139.721158982,-5,-1,2,10,-2,1,-7,-2,0,-90,-35,113,0,-11,205,181,12,-1,175,187,165,195,1,9584
139.732192993,-4,-1,2,11,3,-5,-8,0,0,-94,58,184,-8,-16,211,181,12,-1,169,187,191,175,1,9585
139.743224144,-4,-1,2,0,-15,2,-6,3,0,186,-105,140,1,-20,207,181,12,-1,192,171,154,205,1,9586
139.772162199,-5,-1,2,-15,-17,-3,-2,5,0,-51,-129,187,-8,-22,209,181,12,-1,202,156,167,196,1,9587
139.783105135,-5,-1,2,-7,2,-10,2,5,0,178,0,222,-8,-13,208,181,12,-1,175,178,204,166,1,9588
139.794067145,-5,-1,2,-11,2,-4,5,2,0,-26,-204,-219,-6,-19,193,181,12,-1,189,168,184,181,1,9589
139.822930098,-5,-1,2,-7,7,3,5,-2,0,208,157,2,-9,-20,192,181,12,-1,183,181,188,170,1,9590
139.833129168,-5,-1,2,-15,15,-1,2,-5,-2,42,-98,233,0,-15,189,181,12,-1,197,163,198,164,1,9591
139.844288111,-5,-1,2,19,2,-3,-3,-7,-3,100,-3,8,0,-12,178,181,12,-1,137,220,173,190,1,9592
139.873027087,-5,-1,2,4,11,3,-8,-5,-4,57,-10,113,0,-16,180,181,12,-1,192,172,193,165,1,9593
139.884207011,-5,-1,2,19,-4,-10,-10,0,-3,15,-67,-79,0,-9,174,181,12,-1,151,201,169,200,1,9594
139.895001173,-4,-1,2,2,-2,-1,-9,4,-3,224,16,163,5,-13,178,181,12,-1,192,167,181,181,1,9595
139.924170018,-4,-1,2,1,-9,-1,-4,8,-2,-66,55,243,0,-3,180,181,12,-1,179,181,169,193,1,9596
139.935172081,-5,-1,2,-8,-3,-8,2,9,-1,48,77,194,0,1,179,181,12,-1,191,163,186,182,1,9597
139.945183993,-4,-1,2,-18,0,2,8,7,-1,87,1,110,0,-4,180,181,12,-1,202,161,183,176,1,9598
139.974141121,-4,-1,2,-3,-4,-4,10,2,-2,-38,-107,107,2,-4,174,181,12,-1,168,190,175,190,1,9599
139.985116005,-4,-1,2,-10,-7,0,8,-2,-3,104,95,248,6,-2,178,181,12,-1,194,167,174,187,1,9600
139.996138096,-4,-1,2,15,21,0,2,-5,-3,-113,-145,245,3,-1,172,181,12,-1,149,212,219,142,1,9601
140.025014162,-4,0,2,9,-1,-1,-3,-6,-3,-163,-183,9,3,0,180,181,12,-1,178,182,161,201,1,9602
140.036099196,-4,0,2,9,8,10,-8,-5,-3,-69,155,53,-2,0,177,181,12,-1,179,191,190,162,1,9603
140.046958208,-4,0,2,0,-3,7,-9,-2,-1,12,-66,116,4,5,186,181,12,-1,193,174,166,189,1,9604
140.076105118,-3,0,2,1,-3,3,-5,1,0,-43,132,161,1,13,189,181,12,-1,180,184,177,181,1,9605
140.086561203,-3,0,2,-10,0,1,0,4,1,16,59,166,3,9,195,181,12,-1,198,165,183,177,1,9606
140.097268105,-3,0,2,-18,-17,-2,5,5,3,-103,-143,14,4,6,192,181,12,-1,199,160,156,207,1,9607
140.126276017,-3,0,2,-3,-1,-2,7,4,5,181,25,125,3,6,197,181,12,-1,169,190,193,170,1,9608
140.13715601,-3,0,2,0,-2,-2,5,1,5,-34,-116,125,3,3,193,181,12,-1,176,183,180,183,1,9609
140.148158074,-3,0,2,1,10,0,0,-2,4,197,38,154,8,4,186,181,12,-1,179,182,198,164,1,9610
140.176990033,-3,0,2,3,14,9,-5,-5,2,-97,-124,206,6,-3,195,181,12,-1,181,188,190,163,1,9611
140.188044072,-2,0,2,15,-4,-9,-8,-6,0,-255,-82,89,0,-6,191,181,12,-1,157,196,166,203,1,9612
140.199032069,-2,0,2,6,16,4,-9,-4,-1,36,122,244,-3,5,196,181,12,-1,186,179,207,150,1,9613
140.232827187,-2,0,2,4,-2,-7,-5,0,-1,-16,-67,127,2,6,190,181,12,-1,176,179,166,201,1,9614
140.238204003,-2,0,2,-3,-11,0,0,3,-1,5,123,10,6,11,189,181,12,-1,189,171,166,195,1,9615
140.248993159,-2,0,2,-15,-12,2,5,7,-1,89,45,241,11,10,189,181,12,-1,202,162,169,190,1,9616
140.27819705,-2,0,2,-6,-16,-5,8,7,0,-128,-225,122,3,5,192,181,12,-1,175,181,168,197,1,9617
140.289077044,-2,0,2,-1,2,9,8,5,0,114,94,108,8,6,196,181,12,-1,180,188,195,158,1,9618
140.300088168,-2,0,2,0,4,0,4,0,0,76,208,156,9,9,195,181,12,-1,179,183,185,175,1,9619
140.3291111,-1,0,2,7,7,16,-1,-5,0,-197,-60,115,0,1,194,181,12,-1,177,197,182,166,1,9620
140.340356112,-1,0,2,10,15,0,-5,-9,0,133,129,182,0,6,200,181,12,-1,170,191,197,164,1,9621
140.351010084,-1,0,2,2,2,0,-7,-9,1,-217,-209,51,-3,4,194,181,12,-1,186,175,171,189,1,9622
140.379976988,-1,0,2,12,3,-6,-5,-5,3,-186,189,67,-9,2,205,181,12,-1,161,195,186,180,1,9623
140.390347004,-1,0,2,-7,-13,2,-1,0,5,-143,-19,30,-11,3,196,181,12,-1,203,160,156,203,1,9624
140.401072979,-1,0,2,-3,-5,-3,3,6,5,-47,-118,100,-9,-1,194,181,12,-1,179,180,185,179,1,9625
140.429942131,-1,0,2,-19,-10,3,7,8,4,246,-166,119,-8,-2,200,181,12,-1,208,156,168,190,1,9626
140.441580057,-1,0,2,3,-4,-9,7,7,2,-165,-186,77,-4,-4,203,181,12,-1,155,199,186,183,1,9627
140.452048064,-1,0,2,-11,-1,5,5,3,0,-89,255,194,-11,-4,203,181,12,-1,202,163,180,177,1,9628
140.481068135,-1,0,2,11,-12,-1,0,-2,-1,-61,15,226,-12,1,220,181,12,-1,153,207,164,198,1,9629
140.492128134,-1,0,2,2,-5,4,-4,-7,-2,18,-40,174,-17,-3,225,181,12,-1,189,176,180,178,1,9630
140.502999068,-1,-1,2,4,5,6,-7,-10,-2,79,163,50,-16,2,226,181,12,-1,178,188,192,164,1,9631
140.532098055,-1,-1,2,15,3,-6,-7,-10,-1,79,-38,76,-16,1,235,181,12,-1,158,198,183,183,1,9632
140.54212308,0,-1,2,7,0,3,-4,-8,0,-157,89,28,-22,4,239,181,12,-1,184,180,175,183,1,9633
140.553160191,0,-1,2,-5,0,-4,0,-5,1,-101,72,201,-25,7,252,181,12,-1,193,165,184,181,1,9634
140.588221073,0,-1,2,-11,-11,-3,5,-1,2,-152,11,189,-34,7,253,181,12,-1,191,167,164,200,1,9635
140.599112034,0,-1,2,-1,-2,-3,8,0,2,199,83,35,-21,8,248,181,12,-1,173,185,188,176,1,9636
140.610025168,0,-1,2,-7,-11,-3,8,1,1,-16,12,219,-23,6,255,181,12,-1,188,169,166,198,1,9637
140.639261008,0,-2,2,10,-5,-10,5,0,0,33,144,119,-24,10,255,181,12,-1,154,198,187,183,1,9638
140.650617123,0,-2,2,3,4,1,1,-1,-2,140,142,65,-19,16,4,181,12,-1,185,177,191,168,1,9639
140.660965205,0,-2,2,0,1,0,-3,-4,-4,16,-36,39,-22,7,5,181,12,-1,183,178,179,182,1,9640
140.690034151,0,-2,2,16,14,-10,-5,-6,-5,67,-20,222,-17,10,5,181,12,-1,152,200,205,164,1,9641
140.700265169,0,-2,2,-6,-6,6,-4,-6,-5,86,59,229,-11,16,10,181,12,-1,206,160,156,200,1,9642
140.712201119,0,-2,2,6,9,1,-1,-4,-4,167,242,205,-5,18,14,181,12,-1,165,196,200,160,1,9643
140.740163088,0,-2,2,-4,-3,-2,2,0,-3,-30,-217,147,-6,14,15,181,12,-1,192,167,168,195,1,9644
140.752326012,0,-2,2,-1,-12,-3,5,2,-2,-46,-88,52,-6,9,19,181,12,-1,177,181,167,197,1,9645
140.762093068,0,-2,2,-5,-6,-4,6,5,-1,3,-60,222,-6,6,14,181,12,-1,187,171,183,182,1,9646
140.791274071,0,-2,2,-8,-15,-7,5,4,0,-224,-94,254,-9,0,20,181,12,-1,185,170,166,201,1,9647
140.804186106,0,-2,2,-8,5,5,2,2,0,128,-177,-10,-11,-10,10,181,12,-1,188,177,199,158,1,9648
140.813031197,0,-2,2,-5,0,8,-1,-1,-1,7,-207,23,-3,-12,7,181,12,-1,185,182,172,182,1,9649
140.842036009,0,-2,2,2,9,3,-4,-5,-1,212,124,17,-3,-10,4,181,12,-1,173,190,194,164,1,9650
140.852953196,0,-2,2,17,5,-2,-7,-8,-2,-81,-249,-9,-3,-13,248,181,12,-1,156,203,182,181,1,9651
140.863048077,0,-2,2,-3,4,-4,-7,-7,-1,105,160,5,5,-1,246,181,12,-1,199,159,185,180,1,9652
140.892104149,0,-1,2,3,5,5,-6,-4,0,-163,111,235,0,-1,246,181,12,-1,174,191,183,174,1,9653
140.90309906,0,-1,2,6,0,8,-2,0,1,189,244,134,6,6,252,181,12,-1,177,191,174,181,1,9654
140.914011002,0,-1,2,-14,-11,-3,1,5,2,-131,-101,92,-3,0,254,181,12,-1,206,152,164,200,1,9655
140.942988158,0,-1,2,4,-9,-1,4,7,2,-80,22,99,-8,0,1,181,12,-1,161,199,176,186,1,9656
140.954325199,0,-1,2,-6,-2,-5,5,6,2,-129,-125,98,-8,2,250,181,12,-1,192,164,187,179,1,9657
140.965026141,0,-1,2,-2,-3,3,4,3,1,41,-21,74,-9,-6,249,181,12,-1,179,184,177,181,1,9658
140.994017125,0,-1,2,0,-4,1,1,0,0,78,-106,248,-9,-14,245,181,12,-1,178,184,175,185,1,9659
141.004049063,0,-1,2,7,4,6,-1,-5,0,52,78,141,-3,-11,252,181,12,-1,173,194,189,167,1,9660
141.014962197,0,-1,2,0,-1,5,-3,-7,0,-68,100,222,-8,-11,253,181,12,-1,190,175,172,185,1,9661
141.044080019,0,-1,2,2,6,-3,-3,-7,0,-56,-79,98,-4,-8,255,181,12,-1,174,184,193,171,1,9662
141.055083037,0,-1,2,-2,-6,-2,-2,-5,0,-9,-176,203,0,-17,2,181,12,-1,185,174,166,197,1,9663
141.065900088,0,-1,2,-1,-11,0,0,-2,1,-3,-157,47,3,-14,2,181,12,-1,180,180,169,192,1,9664
141.095131159,0,-1,2,-3,-3,-11,1,0,2,-67,-204,1,2,-16,0,181,12,-1,180,172,189,182,1,9665
141.106151104,0,-1,2,4,-1,7,2,1,2,248,1,237,2,-6,252,181,12,-1,173,194,179,176,1,9666
141.117007017,0,-1,2,-6,3,-3,2,0,0,51,-255,81,8,-8,246,181,12,-1,193,165,189,175,1,9667
141.146016121,0,-1,2,7,-3,-1,1,-1,0,-135,-182,70,7,-19,249,181,12,-1,164,196,173,190,1,9668
141.155992031,0,-1,2,-2,-2,0,0,-3,-2,117,205,96,11,-14,240,181,12,-1,190,170,180,182,1,9669
141.16694212,0,-1,2,8,6,-5,-1,-4,-3,-160,-177,101,7,-17,238,181,12,-1,164,193,194,171,1,9670
141.196190119,0,-1,2,4,-3,-1,-1,-4,-3,121,-218,71,8,-27,238,181,12,-1,180,180,171,191,1,9671
141.20757699,0,-1,2,5,5,0,0,-2,-2,-27,183,242,0,-21,236,181,12,-1,176,185,191,169,1,9672
141.218087197,-1,-1,2,-6,-11,5,1,0,-1,-12,-115,136,2,-26,232,181,12,-1,197,169,157,200,1,9673
141.246985197,-1,-1,2,5,5,0,2,0,-1,97,190,22,7,-23,228,181,12,-1,166,194,198,163,1,9674
141.258337021,-1,0,2,-9,4,4,4,1,0,100,-43,129,14,-25,227,181,12,-1,201,164,181,177,1,9675
141.268047095,-1,0,2,-6,-5,-1,4,1,0,-232,211,111,3,-22,228,181,12,-1,182,178,170,193,1,9676
141.297149182,-1,0,2,-9,0,7,3,0,0,115,206,66,6,-17,218,181,12,-1,192,176,181,173,1,9677
141.308135033,-1,0,2,9,3,0,0,0,1,-225,-133,255,0,-24,222,181,12,-1,159,202,185,175,1,9678
141.318910122,-1,0,2,-12,0,4,-1,0,2,25,209,236,-2,-16,219,181,12,-1,208,157,175,182,1,9679
141.348129034,-1,0,2,0,3,3,-4,0,2,-88,-112,54,-5,-11,220,181,12,-1,171,193,185,173,1,9680
141.359068156,-1,0,2,5,-6,8,-5,0,3,225,215,145,-1,-5,224,181,12,-1,177,191,164,190,1,9681
141.369920016,-1,0,2,0,-3,9,-5,0,3,80,-116,3,-1,-10,219,181,12,-1,189,179,177,177,1,9682
141.399044991,-1,0,2,13,0,-2,-4,0,4,-197,-216,-30,-10,-21,206,181,12,-1,160,199,186,178,1,9683
141.409478188,-2,0,2,-3,-3,0,-2,0,4,38,109,166,-8,-13,207,181,12,-1,197,163,176,186,1,9684
141.420876026,-2,0,2,10,-2,-6,0,0,5,-142,-24,223,-11,-11,205,181,12,-1,160,196,181,185,1,9685
141.44920516,-2,0,2,-11,0,-10,2,-1,4,211,114,109,-6,-7,202,181,12,-1,202,150,187,183,1,9686
141.459911108,-2,0,2,0,3,-1,4,-2,3,43,-88,92,0,0,204,181,12,-1,170,190,186,176,1,9687
141.47090602,-2,0,2,-14,5,0,4,-2,1,178,-162,-168,1,0,200,181,12,-1,202,159,186,175,1,9688
141.500097037,-2,0,2,-4,4,10,3,-2,-1,-84,56,125,0,6,203,181,12,-1,180,189,178,174,1,9689
141.511202097,-2,0,2,-7,4,-4,0,-1,-4,19,-151,106,-5,0,205,181,12,-1,185,172,186,179,1,9690
141.521051169,-2,0,2,10,3,-3,-2,0,-5,-43,-245,80,-10,0,207,181,12,-1,158,200,184,180,1,9691
141.55024314,-2,0,2,0,-10,0,-5,2,-4,190,201,219,-8,0,213,181,12,-1,190,171,162,199,1,9692
141.561311007,-1,0,2,13,-4,-3,-7,3,-2,-45,-8,48,-5,-9,214,181,12,-1,158,200,184,179,1,9693
141.572363139,-1,0,2,0,-10,4,-6,4,0,71,-226,214,-8,-20,216,181,12,-1,194,170,166,192,1,9694
141.601129055,-1,-1,2,-12,-7,-5,-3,2,0,-63,91,140,-6,-15,218,181,12,-1,196,160,180,185,1,9695
141.612064123,-2,-1,2,-12,1,6,0,0,0,28,20,137,-4,-16,219,181,12,-1,192,174,186,169,1,9696
141.623167992,-2,-1,2,-9,4,-4,3,-3,0,-7,-131,147,-1,-16,226,181,12,-1,182,175,188,177,1,9697
141.652114153,-2,0,2,0,11,-10,3,-6,0,-53,-25,238,-3,-22,224,181,12,-1,170,183,198,171,1,9698
141.662866116,-2,0,2,-7,0,7,0,-7,0,-88,49,208,-7,-18,223,181,12,-1,194,173,169,187,1,9699
141.67335105,-2,0,2,5,0,-1,-3,-5,-1,-8,131,105,-9,-17,222,181,12,-1,165,195,181,181,1,9700
141.702207089,-2,-1,2,-1,-5,2,-7,-2,-1,123,-95,40,-4,-28,211,181,12,-1,188,175,171,188,1,9701
141.71314621,-2,-1,2,0,0,0,-9,1,-1,148,-81,-106,0,-28,206,181,12,-1,179,182,186,175,1,9702
141.724564076,-2,-1,2,1,-8,3,-8,4,-1,-148,158,97,-2,-20,203,181,12,-1,179,185,166,192,1,9703
141.752941132,-3,-1,2,6,-8,0,-5,4,0,60,-2,92,-1,-22,204,181,12,-1,173,188,174,187,1,9704
141.764497996,-3,-1,2,-2,1,-5,-1,2,0,81,-93,127,2,-20,214,181,12,-1,186,170,193,172,1,9705
141.775170088,-3,0,2,0,6,-1,1,0,0,-87,-51,81,-5,-27,210,181,12,-1,177,183,189,173,1,9706
141.803975106,-3,0,2,-20,3,-1,3,-3,1,152,14,168,-3,-21,212,181,12,-1,212,148,181,181,1,9707
141.814038992,-3,0,2,7,15,-9,3,-5,0,-214,-62,-11,-5,-24,204,181,12,-1,148,206,204,164,1,9708
141.825244189,-3,0,2,-3,-3,2,2,-4,0,11,62,246,-1,-28,207,181,12,-1,194,169,161,198,1,9709
141.854098082,-3,0,2,2,0,5,0,-1,-1,-58,47,252,-5,-16,205,181,12,-1,176,189,181,176,1,9710
141.865283013,-3,0,2,-2,-11,5,-3,2,-2,110,239,214,-5,-4,202,181,12,-1,188,177,162,195,1,9711
141.876120091,-3,0,2,7,-6,7,-4,5,-3,11,227,138,1,-3,206,181,12,-1,170,197,177,178,1,9712
141.905049086,-3,0,2,0,-9,4,-4,5,-2,-90,60,6,0,0,209,181,12,-1,187,177,169,188,1,9713
141.915942192,-3,0,2,0,0,1,-2,3,0,122,7,86,0,2,211,181,12,-1,181,181,187,173,1,9714
141.926275015,-3,0,2,1,4,-8,0,0,2,-12,-98,151,-2,-5,218,181,12,-1,176,179,191,176,1,9715
141.955227137,-3,0,2,-6,-2,-6,1,-4,4,-72,55,-33,1,-9,214,181,12,-1,189,167,176,191,1,9716
141.966468096,-3,0,2,-3,7,0,3,-7,5,-49,73,163,-2,-12,223,181,12,-1,180,181,194,168,1,9717
141.977290154,-3,0,2,-10,0,1,2,-7,4,-233,-60,-178,-2,-16,212,181,12,-1,194,168,174,186,1,9718
142.006025076,-3,0,2,0,-4,-1,1,-5,1,190,10,205,1,-21,211,181,12,-1,172,188,174,188,1,9719
142.017174006,-3,0,2,-2,0,-1,-1,-1,-1,-44,-55,134,-3,-20,207,181,12,-1,183,177,186,176,1,9720
142.028100014,-3,0,2,14,-3,-5,-3,1,-3,149,-176,-211,-5,-30,191,181,12,-1,155,202,177,189,1,9721
142.057126999,-3,0,2,0,2,-3,-5,2,-4,-131,1,196,-11,-27,196,181,12,-1,190,168,189,174,1,9722
142.067975998,-3,0,2,11,1,-1,-5,2,-3,-176,-254,-43,-10,-28,202,181,12,-1,164,196,181,181,1,9723
142.078068018,-3,0,2,0,6,0,-3,1,-2,174,-176,132,-7,-35,195,181,12,-1,190,172,188,173,1,9724
142.107191086,-3,0,2,0,-3,4,0,0,-1,-115,-105,194,-13,-37,194,181,12,-1,181,183,168,190,1,9725
142.118328095,-4,0,2,-14,5,-2,4,0,-1,53,49,44,-10,-32,193,181,12,-1,202,157,192,170,1,9726
142.129389048,-4,0,2,-5,-6,-5,6,0,-1,-20,-163,26,-18,-34,191,181,12,-1,175,182,168,197,1,9727
142.158088208,-4,-1,2,-5,4,-6,6,0,0,170,5,122,-12,-23,205,181,12,-1,181,175,195,171,1,9728
142.168951989,-4,-1,2,-8,-3,4,3,1,0,-91,-24,226,-12,-32,207,181,12,-1,190,175,170,188,1,9729
142.179308176,-5,-1,2,6,-4,-2,-1,1,0,-122,254,86,-16,-22,207,181,12,-1,163,195,178,185,1,9730
142.207991124,-5,-1,2,3,8,7,-5,1,-1,219,-175,177,-3,-20,209,181,12,-1,183,183,193,162,1,9731
142.220468998,-4,-1,2,7,2,-4,-7,0,-1,-24,214,158,-8,-20,214,181,12,-1,170,188,179,185,1,9732
142.230204106,-4,-1,2,2,14,5,-7,0,-1,213,189,32,-1,-15,207,181,12,-1,185,180,198,159,1,9733
142.259139061,-4,-1,2,6,2,7,-4,0,-1,-6,-96,44,-10,-18,203,181,12,-1,177,190,169,186,1,9734
142.270354033,-4,-1,2,-3,-6,7,0,0,0,75,-75,249,-6,-22,199,181,12,-1,193,174,166,189,1,9735
142.281005144,-4,-1,2,5,0,-2,3,2,1,-46,-35,205,-8,-23,195,181,12,-1,168,191,188,175,1,9736
142.30995512,-5,-1,2,-15,-8,1,6,4,2,-136,-54,252,-11,-28,191,181,12,-1,209,153,166,194,1,9737
142.32013321,-5,-1,2,1,-7,-12,6,4,3,44,-157,49,-9,-25,186,181,12,-1,161,190,181,190,1,9738
142.331029177,-5,-1,2,0,1,-1,4,3,4,-120,-115,11,-10,-29,188,181,12,-1,180,180,190,172,1,9739
142.360085011,-5,-1,2,4,-7,-3,1,0,3,-17,97,190,-10,-30,190,181,12,-1,173,185,168,195,1,9740
142.370977164,-5,-1,2,-11,5,-1,-1,-2,1,-115,-70,255,-16,-29,195,181,12,-1,200,159,196,167,1,9741
142.381937027,-5,-1,2,24,-5,0,-3,-5,-1,99,73,186,-17,-25,209,181,12,-1,135,220,169,193,1,9742
142.411086083,-5,-1,2,-2,12,5,-4,-6,-3,90,148,-63,-11,-25,198,181,12,-1,207,159,202,155,1,9743
142.421265126,-5,-1,2,7,5,1,-2,-5,-4,60,170,195,-11,-15,207,181,12,-1,168,194,178,182,1,9744
142.432601214,-5,-1,2,-4,0,-3,0,-3,-4,254,101,-7,-7,-10,198,181,12,-1,191,167,177,186,1,9745
142.463669062,-5,-1,2,-8,8,-5,3,0,-2,-109,-164,14,-7,-13,202,181,12,-1,187,170,195,170,1,9746
142.471968174,-5,-1,2,0,3,-5,5,3,0,-143,164,236,-15,-9,204,181,12,-1,173,184,181,184,1,9747
142.482913018,-5,-1,2,-13,1,-1,5,5,0,-82,-81,198,-12,-3,216,181,12,-1,199,161,180,183,1,9748
142.512112141,-5,-1,2,5,-12,3,3,6,1,-10,-109,250,-18,-7,216,181,12,-1,162,201,160,199,1,9749
142.52305007,-5,-2,2,-8,-5,0,0,6,0,28,-60,149,-10,-16,220,181,12,-1,197,164,182,178,1,9750
142.533401013,-5,-2,2,22,1,-4,-3,4,-1,-121,-198,69,-16,-34,222,181,12,-1,138,219,189,176,1,9751
142.562062979,-5,-2,2,8,-1,-6,-5,1,-2,181,-82,-45,-11,-42,211,181,12,-1,185,171,180,186,1,9752
142.573229075,-5,-2,2,0,-2,4,-5,-1,-2,-249,179,135,-15,-39,215,181,12,-1,189,175,176,182,1,9753
142.588622094,-5,-2,2,5,3,4,-2,-4,-2,80,-163,89,-16,-49,208,181,12,-1,174,191,186,172,1,9754
142.61312604,-5,-2,2,-16,4,-2,2,-5,-1,15,3,202,-16,-34,210,181,12,-1,209,150,186,177,1,9755
142.624055148,-6,-2,2,-10,2,12,5,-4,-1,-15,250,4,-14,-29,217,181,12,-1,188,184,176,175,1,9756
142.635002137,-6,-2,2,-18,0,6,7,-2,0,-6,0,124,-13,-31,210,181,12,-1,201,165,175,181,1,9757
142.664092064,-6,-2,2,-12,-4,3,4,0,1,106,129,140,-5,-13,224,181,12,-1,185,178,173,186,1,9758
142.674133063,-6,-2,2,0,-14,4,0,2,2,46,222,11,-8,-14,219,181,12,-1,171,193,160,197,1,9759
142.685024977,-6,-2,2,15,-4,0,-6,2,4,73,48,245,0,-12,228,181,12,-1,158,202,186,175,1,9760
142.714141131,-6,-2,2,14,-1,0,-11,1,5,-97,-16,73,-5,-14,235,181,12,-1,171,189,182,180,1,9761
142.725776196,-5,-2,2,5,3,-1,-13,0,5,1,6,200,4,-8,235,181,12,-1,184,175,188,174,1,9762
142.738404036,-5,-2,2,3,1,7,-9,-3,5,-208,-106,-60,3,-10,235,181,12,-1,183,184,177,178,1,9763
142.766242028,-5,-2,2,1,6,9,-3,-5,3,26,-90,147,0,-8,235,181,12,-1,184,184,185,168,1,9764
142.775135994,-5,-1,2,-14,13,4,4,-5,1,-165,-105,0,4,-15,231,181,12,-1,205,159,193,164,1,9765
142.786226034,-5,-1,2,-2,-6,-2,9,-3,1,-23,108,7,-3,-20,236,181,12,-1,171,189,160,203,1,9766
142.815149069,-5,-1,2,-17,-6,-3,10,0,1,-26,185,114,2,-11,238,181,12,-1,203,155,178,185,1,9767
142.827915192,-5,-1,2,4,-4,0,7,3,2,82,49,107,0,-16,231,181,12,-1,160,202,179,181,1,9768
142.836977005,-5,-1,2,-2,0,0,1,5,3,61,198,190,4,-4,231,181,12,-1,188,173,183,178,1,9769
142.866180182,-5,-1,2,0,2,3,-5,4,3,-253,-13,14,0,-11,235,181,12,-1,179,185,184,174,1,9770
142.877022028,-5,-1,2,-2,1,-2,-9,2,2,14,127,104,2,2,240,181,12,-1,183,176,181,182,1,9771
142.887035132,-5,-1,2,6,8,2,-10,0,1,-146,22,89,0,-2,238,181,12,-1,170,192,191,168,1,9772
142.91605711,-5,-1,2,0,1,6,-7,-2,0,34,-182,133,-5,-11,241,181,12,-1,187,179,173,183,1,9773
142.927292109,-5,-1,2,-11,-1,2,-4,-2,0,71,-137,49,2,-6,241,181,12,-1,199,164,176,183,1,9774
142.93830514,-5,-1,2,10,2,0,0,-1,0,101,195,147,3,0,238,181,12,-1,154,206,185,176,1,9775
142.967130185,-5,-1,2,-12,-2,-8,2,1,0,154,-247,-178,8,-4,229,181,12,-1,205,149,179,189,1,9776
142.978826046,-4,-1,3,-2,-6,3,2,3,1,-239,-59,71,6,-4,224,181,12,-1,176,188,171,187,1,9777
142.989212036,-4,-1,3,-9,0,1,1,3,2,178,-131,4,9,-4,223,181,12,-1,193,170,185,175,1,9778
143.018038988,-4,-1,3,-3,0,-1,0,2,1,-183,-27,138,7,-8,226,181,12,-1,178,182,180,182,1,9779
143.028351069,-4,-1,2,-8,-2,-11,-3,0,0,111,-80,-48,11,-19,214,181,12,-1,185,167,182,188,1,9780
143.039282084,-4,-1,2,8,9,3,-5,-1,0,-86,3,0,11,-4,214,181,12,-1,163,202,196,162,1,9781
143.06804204,-4,0,2,-3,-10,4,-6,-2,-1,-53,-140,156,7,-9,213,181,12,-1,194,170,155,203,1,9782
143.080057144,-4,0,2,13,0,0,-6,-3,-2,0,28,197,5,-12,226,181,12,-1,157,203,190,172,1,9783
143.09010315,-4,0,2,-1,-7,0,-5,-2,-2,36,109,183,5,-14,226,181,12,-1,194,167,169,192,1,9784
143.118967057,-4,0,2,6,-2,-5,-2,-1,-1,-146,-160,-1,-4,-20,226,181,12,-1,167,190,185,180,1,9785
143.129964114,-4,0,2,-5,-5,1,0,0,0,-61,-58,193,-3,-18,230,181,12,-1,195,167,174,186,1,9786
143.140240193,-4,0,2,-3,0,-3,3,-1,0,-132,126,119,-9,-19,227,181,12,-1,180,178,185,179,1,9787
143.169206143,-4,0,2,-5,7,1,4,-2,0,126,-75,101,-4,-19,218,181,12,-1,187,175,192,167,1,9788
143.181260109,-4,0,2,-4,12,-1,4,-3,0,-201,-210,-31,-9,-21,205,181,12,-1,182,178,193,169,1,9789
143.190997124,-4,0,2,18,0,-7,2,-3,0,136,137,191,-6,-16,200,181,12,-1,146,209,174,193,1,9790
143.220233202,-4,0,2,1,2,-2,0,-2,-1,-107,-228,165,-6,-11,196,181,12,-1,193,166,184,179,1,9791
143.231021166,-4,0,2,5,-9,1,-2,0,-1,187,-202,223,-6,-14,202,181,12,-1,174,188,163,196,1,9792
143.242172003,-4,-1,2,-4,0,10,-2,2,-2,-142,131,84,-3,-15,195,181,12,-1,196,174,183,170,1,9793
143.270951033,-4,-1,2,5,-11,1,0,4,-2,-128,-174,241,-8,-15,205,181,12,-1,169,193,164,197,1,9794
143.281272173,-4,-1,2,-14,3,0,2,3,-1,-69,219,45,-10,-16,195,181,12,-1,207,155,196,165,1,9795
143.292371989,-4,-1,2,0,3,0,3,1,0,41,-133,177,-9,-26,199,181,12,-1,169,192,183,178,1,9796
143.321099997,-4,-1,2,-2,-1,7,4,-1,1,169,-5,24,-4,-26,196,181,12,-1,187,181,172,182,1,9797
143.332257986,-4,-1,2,12,0,-3,2,-3,2,-97,-3,139,-10,-35,196,181,12,-1,159,199,183,181,1,9798
143.343018055,-4,-1,2,-2,-1,1,0,-4,3,-150,128,68,-15,-38,198,181,12,-1,195,168,177,183,1,9799
143.372081042,-4,-1,2,12,1,6,-2,-3,3,90,210,57,-14,-34,187,181,12,-1,162,204,182,174,1,9800
143.383257151,-5,-1,2,-2,-2,-3,-2,-1,2,5,15,112,-12,-20,194,181,12,-1,194,165,176,187,1,9801
143.394103051,-5,-1,2,11,6,2,-1,0,1,158,142,153,-14,-23,186,181,12,-1,163,200,191,168,1,9802
143.422243119,-5,-1,2,-7,4,15,1,1,1,45,90,213,-8,-12,193,181,12,-1,208,166,176,173,1,9803
143.433196068,-5,-1,2,-1,0,-3,4,1,1,-118,37,52,-11,-9,191,181,12,-1,175,183,179,184,1,9804
143.444209099,-5,-1,2,2,4,-1,5,1,1,-42,-1,125,-8,-6,200,181,12,-1,175,184,187,175,1,9805
143.473137141,-5,-1,2,-17,-11,-3,5,1,2,-78,-172,-53,-10,-13,193,181,12,-1,206,152,161,203,1,9806
143.484030009,-5,-1,2,-5,4,7,3,1,3,161,6,95,-5,-17,186,181,12,-1,177,190,193,161,1,9807
143.495169163,-5,-1,2,-12,-11,0,0,1,3,-90,-211,114,-16,-24,192,181,12,-1,195,166,159,202,1,9808
143.524134159,-5,-1,2,8,7,1,-3,0,2,9,11,183,-17,-29,192,181,12,-1,157,205,201,159,1,9809
143.53439498,-5,-1,2,-11,-2,-4,-6,0,1,-117,-89,46,-13,-37,193,181,12,-1,204,154,173,191,1,9810
143.545063019,-5,-1,2,33,3,-7,-8,-1,0,24,21,8,-20,-46,184,181,12,-1,118,220,191,176,1,9811
143.574042082,-5,-1,2,1,17,5,-7,-2,0,94,-150,-188,-14,-50,171,181,12,-1,209,156,202,154,1,9812
143.585034132,-5,-1,2,11,6,-6,-5,-2,0,-239,66,50,-20,-44,175,181,12,-1,161,194,178,189,1,9813
143.596629143,-6,-1,2,4,19,3,0,0,-1,47,49,170,-15,-39,172,181,12,-1,186,178,203,155,1,9814
143.625123024,-6,-2,2,-7,2,-1,5,2,-1,-54,-37,160,-19,-45,178,181,12,-1,194,165,168,195,1,9815
143.636529208,-6,-2,2,-10,-4,5,9,6,-1,98,174,61,-20,-35,191,181,12,-1,192,174,169,187,1,9816
143.647049189,-7,-2,2,-2,-4,1,11,9,-1,-82,-212,174,-16,-32,193,181,12,-1,176,187,177,182,1,9817
143.676091194,-7,-2,2,-17,-9,0,9,11,-1,-126,-23,149,-24,-29,197,181,12,-1,205,156,170,191,1,9818
143.686064005,-7,-2,2,1,-2,-8,4,9,0,-211,53,108,-24,-21,190,181,12,-1,160,194,187,180,1,9819
143.696935177,-7,-2,2,8,0,0,-1,5,1,181,36,137,-23,-12,201,181,12,-1,169,192,184,177,1,9820
143.726161003,-6,-2,2,6,6,3,-6,0,1,70,150,-44,-19,-14,193,181,12,-1,179,185,188,171,1,9821
143.737029076,-6,-2,2,-3,4,2,-9,-3,1,-203,-79,125,-22,-13,193,181,12,-1,191,171,181,178,1,9822
143.748191119,-6,-3,2,9,6,1,-8,-6,0,-89,137,254,-25,-10,188,181,12,-1,164,198,186,174,1,9823
143.777064085,-6,-3,2,0,4,2,-4,-5,0,121,-56,87,-23,-14,179,181,12,-1,191,172,181,178,1,9824
143.788284064,-6,-3,2,-6,0,-5,0,-2,0,-35,-58,154,-20,-18,183,181,12,-1,187,170,179,187,1,9825
143.798196078,-6,-3,2,4,-3,-16,4,1,0,85,-142,-34,-16,-20,171,181,12,-1,162,185,182,193,1,9826
143.827330113,-6,-3,2,-9,0,-1,6,5,0,-73,-47,0,-8,-31,168,181,12,-1,198,162,184,178,1,9827
143.838164091,-6,-3,2,3,-4,-4,5,6,0,92,-77,-5,-9,-37,165,181,12,-1,166,191,176,189,1,9828
143.849220038,-7,-3,2,-11,7,-3,2,5,-1,-148,-149,56,-8,-36,180,181,12,-1,198,160,197,167,1,9829
143.878091097,-7,-3,2,8,-8,0,0,2,-3,22,54,176,-11,-38,186,181,12,-1,158,203,162,200,1,9830
143.889142037,-7,-3,2,-14,7,0,-3,0,-5,-184,-112,234,-13,-35,194,181,12,-1,209,153,198,162,1,9831
143.900583983,-7,-3,2,24,-16,-5,-4,-1,-6,106,88,154,-15,-28,199,181,12,-1,130,220,152,213,1,9832
143.93502903,-7,-3,2,3,15,0,-4,-2,-5,97,-66,-128,-9,-33,193,181,12,-1,196,164,218,143,1,9833
143.939203024,-7,-3,2,0,-4,0,-2,-2,-4,-184,-14,12,-10,-29,188,181,12,-1,183,179,161,199,1,9834
143.950067044,-7,-3,2,-1,7,2,0,-1,-2,68,119,184,-6,-25,191,181,12,-1,184,179,194,165,1,9835
143.979102135,-7,-3,2,-12,0,6,3,0,0,-160,-85,140,-12,-24,184,181,12,-1,199,167,171,185,1,9836
143.990064144,-7,-3,2,-9,8,6,5,0,0,-16,171,90,-16,-19,186,181,12,-1,187,179,191,165,1,9837
144.001131058,-7,-3,2,-4,1,-5,4,1,0,42,-78,17,-13,-28,176,181,12,-1,177,179,177,188,1,9838
144.030140162,-7,-3,2,-8,-2,8,2,2,1,187,189,242,-4,-26,180,181,12,-1,192,176,172,182,1,9839
144.041218043,-7,-3,2,1,-5,2,-1,3,2,117,46,92,-4,-30,181,181,12,-1,172,191,173,186,1,9840
144.052091122,-7,-3,2,10,5,4,-5,3,3,-3,-183,224,-4,-42,178,181,12,-1,169,196,191,166,1,9841
144.081004143,-8,-3,2,4,-9,2,-8,2,3,52,-15,163,-6,-45,178,181,12,-1,183,180,161,198,1,9842
144.091203213,-8,-3,2,6,6,-6,-7,1,3,0,67,109,-8,-40,182,181,12,-1,172,184,202,165,1,9843
144.102355004,-8,-3,2,0,4,0,-4,0,3,112,-242,93,-2,-47,189,181,12,-1,185,176,181,179,1,9844
144.131139994,-8,-2,2,0,-1,-13,0,-1,3,-23,125,102,-8,-37,182,181,12,-1,175,175,180,192,1,9845
144.142371178,-8,-2,2,-10,0,14,3,-1,1,-153,132,226,-10,-29,189,181,12,-1,202,171,174,175,1,9846
144.15309906,-8,-2,2,-1,0,-3,6,-1,0,-80,44,152,-16,-29,191,181,12,-1,172,186,182,182,1,9847
144.182056189,-8,-3,2,-16,-3,2,6,0,-1,72,158,59,-12,-19,189,181,12,-1,205,158,175,184,1,9848
144.193109989,-8,-2,2,8,2,1,3,0,-2,1,19,-16,-12,-19,184,181,12,-1,154,208,187,173,1,9849
144.203412056,-8,-3,2,-2,-3,-7,0,1,-1,128,-162,176,-6,-14,181,181,12,-1,188,166,177,191,1,9850
144.232170105,-8,-2,2,15,3,-2,-4,0,0,-142,134,231,-10,-12,187,181,12,-1,154,205,190,173,1,9851
144.243232012,-8,-2,2,-5,6,-3,-6,0,0,-69,-61,5,-14,-9,192,181,12,-1,200,158,188,176,1,9852
144.253990174,-8,-2,2,17,0,0,-5,0,0,-235,-59,47,-14,-13,192,181,12,-1,150,211,177,184,1,9853
144.282965184,-7,-2,2,-5,-6,-3,-2,0,0,238,38,-43,-15,-6,186,181,12,-1,202,157,171,193,1,9854
144.294075013,-7,-2,2,5,6,0,1,0,-1,-161,187,60,-18,-1,184,181,12,-1,168,192,197,165,1,9855
144.305145979,-7,-2,2,-10,-11,4,5,0,-2,192,-64,141,-16,-7,186,181,12,-1,202,162,155,202,1,9856
144.334065199,-7,-3,2,-1,7,0,7,1,-3,-165,163,239,-18,8,187,181,12,-1,173,187,202,160,1,9857
144.344315052,-7,-3,2,-11,-7,0,6,1,-2,-122,-13,172,-18,8,194,181,12,-1,197,164,163,198,1,9858
144.354971171,-7,-3,2,-10,-1,-2,4,0,-1,36,-14,18,-11,7,198,181,12,-1,185,174,185,178,1,9859
144.384093047,-6,-3,2,12,-2,-8,0,0,0,-92,-49,197,-18,4,194,181,12,-1,150,204,182,186,1,9860
144.395632983,-6,-3,2,2,6,0,-4,-1,0,150,71,5,-16,2,201,181,12,-1,187,174,192,169,1,9861
144.405937195,-6,-3,2,12,8,-8,-6,-2,0,-109,-170,55,-14,0,199,181,12,-1,160,194,192,176,1,9862
144.434986115,-5,-3,2,9,-2,-2,-6,-2,0,6,-218,69,-12,-8,195,181,12,-1,176,183,170,193,1,9863
144.446108103,-5,-3,2,-1,-3,-5,-4,-1,-2,9,130,101,-14,-3,202,181,12,-1,189,168,180,185,1,9864
144.456978083,-5,-3,2,-12,-3,5,0,0,-3,-69,-114,206,-15,-5,203,181,12,-1,199,166,176,180,1,9865
144.486029148,-5,-3,2,-2,-3,-6,4,1,-4,-47,-30,64,-19,-2,212,181,12,-1,171,184,181,186,1,9866
144.496400118,-5,-3,2,-4,-4,4,7,2,-5,-30,-26,-55,-17,4,210,181,12,-1,187,178,175,182,1,9867
144.507073164,-5,-3,2,-1,-6,-1,6,1,-4,-63,-151,209,-21,9,222,181,12,-1,178,181,175,187,1,9868
144.53608203,-5,-3,2,-4,3,-6,3,0,-2,16,-5,167,-17,12,225,181,12,-1,184,172,194,173,1,9869
144.54709816,-4,-3,2,21,4,-1,-1,-2,-1,119,-62,98,-15,9,223,181,12,-1,144,215,185,178,1,9870
144.557999134,-4,-3,2,-7,7,0,-4,-4,0,-5,-157,117,-10,8,214,181,12,-1,210,151,188,172,1,9871
144.587103129,-3,-3,2,19,4,-2,-5,-4,0,-34,103,128,-14,9,213,181,12,-1,144,215,181,182,1,9872
144.598062992,-3,-3,2,-7,-6,-3,-3,-2,0,163,-109,67,-12,8,224,181,12,-1,206,152,169,195,1,9873
144.608489037,-3,-3,2,2,-2,-2,0,0,-1,-115,-14,77,-10,8,219,181,12,-1,170,190,183,180,1,9874
144.637037039,-3,-3,2,-1,-7,-5,4,2,-2,53,142,68,-4,2,223,181,12,-1,183,174,174,191,1,9875
144.648180008,-3,-3,2,8,-1,-4,6,3,-2,-79,131,253,-2,14,226,181,12,-1,164,193,185,179,1,9876
144.659267187,-3,-3,2,-11,-2,14,7,2,-3,195,151,176,2,13,228,181,12,-1,211,161,173,177,1,9877
144.688033104,-2,-3,2,0,-6,0,5,0,-3,-52,-72,34,0,20,228,181,12,-1,172,189,172,189,1,9878
144.699060202,-2,-3,2,-4,6,-8,2,-2,-2,-60,115,203,-6,18,227,181,12,-1,183,171,199,169,1,9879
144.710159064,-2,-3,2,9,-2,4,0,-4,-1,86,-41,-230,-7,16,219,181,12,-1,164,200,170,188,1,9880
144.738934994,-2,-3,2,-2,13,6,-2,-5,0,-69,77,207,-8,29,225,181,12,-1,195,171,200,156,1,9881
144.749972105,-1,-3,2,21,-11,-2,-3,-4,1,-22,-6,143,-10,29,231,181,12,-1,145,213,153,210,1,9882
144.760068179,-1,-3,2,-7,15,2,-2,-2,2,86,204,190,-8,26,227,181,12,-1,211,152,212,147,1,9883
144.789149046,-1,-3,2,14,0,6,0,0,2,-144,103,20,-14,34,225,181,12,-1,155,212,166,189,1,9884
144.800327063,0,-3,2,-10,5,-7,2,2,2,-57,0,179,-9,38,227,181,12,-1,206,149,192,175,1,9885
144.81103921,0,-3,2,5,0,-8,5,4,1,-173,-176,-4,-9,30,221,181,12,-1,160,194,180,187,1,9886
144.840193034,0,-3,2,0,-7,6,6,4,1,63,186,157,-6,33,228,181,12,-1,188,178,166,190,1,9887
144.856657982,0,-3,1,-4,-3,-2,6,4,0,-166,-83,-31,-12,27,219,181,12,-1,186,173,182,181,1,9888
144.862093211,0,-3,1,6,2,-9,4,3,0,197,-35,171,-7,26,230,181,12,-1,164,190,190,178,1,9889
144.891059161,0,-3,1,-13,-6,-5,2,1,-1,-77,-136,82,-12,27,228,181,12,-1,203,154,170,195,1,9890
144.901340008,0,-3,2,1,5,9,0,0,-2,-16,18,133,-9,24,225,181,12,-1,171,198,191,162,1,9891
144.915004015,0,-2,2,0,-4,-4,-1,-2,-2,126,4,179,-4,25,230,181,12,-1,181,176,171,194,1,9892
144.941126109,0,-2,2,5,21,-5,-2,-3,-3,-58,129,203,0,30,227,181,12,-1,170,186,219,147,1,9893
144.952423096,0,-2,2,-10,-7,10,-3,-2,-2,2,-44,145,-5,22,238,181,12,-1,204,165,147,206,1,9894
144.962973118,0,-2,2,7,6,-4,-2,-1,-2,113,212,54,1,22,232,181,12,-1,159,198,199,166,1,9895
144.992256165,1,-2,2,2,0,5,-1,1,-1,240,-28,111,2,17,224,181,12,-1,185,181,173,184,1,9896
145.004572153,0,-2,2,-10,6,3,0,3,0,120,46,-30,9,14,211,181,12,-1,199,165,189,169,1,9897
145.014217139,1,-2,2,-1,-2,9,0,5,0,-45,32,148,11,15,204,181,12,-1,179,190,167,186,1,9898
145.04303217,1,-2,2,-6,-5,-5,0,5,1,-29,-75,235,9,14,203,181,12,-1,187,170,176,189,1,9899
145.053188086,1,-2,2,-3,3,0,0,4,2,86,-52,232,14,7,204,181,12,-1,180,181,190,171,1,9900
145.064598084,1,-1,2,2,2,3,-1,3,3,-132,4,33,7,5,205,181,12,-1,176,188,180,178,1,9901
145.098378182,1,-1,2,-12,-9,-7,-2,1,3,-88,-94,62,7,7,205,181,12,-1,198,157,166,200,1,9902
145.104223013,1,-1,2,15,9,-3,-3,0,2,-150,-70,224,3,11,209,181,12,-1,145,213,205,160,1,9903
145.115239144,1,-1,2,-7,-15,4,-4,-1,1,229,90,35,9,10,201,181,12,-1,207,157,148,210,1,9904
145.144150019,1,-1,2,16,13,1,-3,-1,0,67,23,53,12,26,204,181,12,-1,150,212,213,146,1,9905
145.155335188,1,-1,2,-6,-10,4,-2,-1,-1,70,196,250,21,32,202,181,12,-1,206,159,152,206,1,9906
145.165884018,1,-1,2,5,13,7,0,-1,-1,24,43,-9,23,40,203,181,12,-1,170,197,206,149,1,9907
145.194962025,2,0,2,5,-1,13,1,0,-1,27,-64,78,25,36,200,181,12,-1,183,189,162,188,1,9908
145.205414057,2,0,2,5,4,-6,3,0,0,-117,-72,-26,22,28,188,181,12,-1,175,181,191,175,1,9909
145.216204167,2,0,2,-1,1,-7,4,0,2,-198,-73,223,14,28,185,181,12,-1,183,171,183,184,1,9910
145.245063067,2,0,2,-5,-7,-1,4,1,4,7,29,144,14,32,186,181,12,-1,188,172,168,194,1,9911
145.256128073,2,0,2,-4,1,-3,4,2,5,-112,-159,47,12,26,177,181,12,-1,181,177,191,173,1,9912
145.266997099,3,0,2,1,-6,-4,2,2,4,15,-20,15,8,28,176,181,12,-1,173,185,171,194,1,9913
145.296119213,3,0,2,-4,-5,-2,1,2,1,245,-171,141,17,24,184,181,12,-1,187,172,179,184,1,9914
145.306957007,3,0,2,7,1,-8,0,0,-1,82,-138,227,12,17,182,181,12,-1,162,192,191,177,1,9915
145.317973137,3,0,2,-10,-3,-7,-2,-1,-4,18,223,159,21,13,186,181,12,-1,200,155,177,189,1,9916
145.347031117,3,0,2,13,19,-4,-2,-3,-5,-149,-111,-45,12,6,180,181,12,-1,150,207,214,150,1,9917
145.357249022,3,0,2,-3,-2,10,-2,-3,-6,107,190,110,22,13,189,181,12,-1,201,168,157,196,1,9918
145.367128134,3,0,2,2,4,-5,-1,-2,-6,-65,-78,-81,16,8,181,181,12,-1,172,184,191,174,1,9919
145.396141053,3,1,2,5,-5,0,0,0,-5,177,-58,217,18,1,199,181,12,-1,174,186,169,192,1,9920
145.407422066,3,1,2,-4,3,5,1,2,-3,-141,-201,-56,16,-11,186,181,12,-1,194,172,187,169,1,9921
145.417879105,3,1,2,-2,-7,8,2,4,-1,-21,54,209,16,-10,188,181,12,-1,184,184,163,191,1,9922
145.447075129,2,1,2,-4,-6,2,2,4,0,151,49,98,18,-14,185,181,12,-1,186,177,177,182,1,9923
145.457980156,2,1,2,-4,2,2,2,3,1,110,250,137,24,-10,182,181,12,-1,184,179,189,170,1,9924
145.468725205,2,1,2,-1,2,12,0,0,3,102,5,134,28,-10,187,181,12,-1,185,187,176,174,1,9925
145.497277022,2,2,2,-1,-4,-2,-1,-1,4,-141,-247,212,29,-12,193,181,12,-1,180,179,173,190,1,9926
145.50848198,2,2,2,7,8,6,-2,-3,5,73,98,141,29,-14,186,181,12,-1,171,195,194,162,1,9927
145.519150019,2,2,2,-10,-3,1,-3,-3,5,-112,-47,168,31,-13,191,181,12,-1,203,159,169,191,1,9928
145.548175097,1,2,2,2,9,5,-3,-2,5,-47,154,25,25,-8,187,181,12,-1,170,195,196,161,1,9929
145.559216976,1,2,2,-16,-10,0,-2,0,5,163,247,-23,31,0,185,181,12,-1,206,155,157,205,1,9930
145.570380211,1,2,2,8,0,7,-1,1,4,95,198,66,34,5,189,181,12,-1,157,209,187,168,1,9931
145.599018097,1,3,2,1,-1,13,-1,2,3,44,0,33,31,5,192,181,12,-1,191,180,172,179,1,9932
145.610084057,1,3,2,2,1,2,-1,2,3,-27,196,21,32,6,187,181,12,-1,179,184,183,175,1,9933
145.620855093,1,3,2,2,4,10,-1,1,3,35,91,103,33,10,186,181,12,-1,184,186,182,170,1,9934
145.649188996,1,3,2,-12,-6,1,-1,0,4,16,212,171,31,10,189,181,12,-1,201,161,166,193,1,9935
145.660068989,1,4,3,-7,6,9,-1,0,5,-104,21,100,22,24,195,181,12,-1,185,183,192,162,1,9936
145.671019078,1,4,3,-7,-1,-1,0,-1,6,227,-52,9,25,15,203,181,12,-1,184,175,174,188,1,9937
145.70004201,1,4,3,-12,1,8,0,0,7,66,169,146,27,19,209,181,12,-1,196,172,180,173,1,9938
145.716714144,1,4,3,3,-5,2,-2,0,7,42,-14,125,29,20,213,181,12,-1,165,198,169,189,1,9939
145.721390009,1,4,3,-4,-1,-7,-4,0,6,80,-26,139,29,21,211,181,12,-1,188,167,186,181,1,9940
145.750108004,2,4,3,11,1,0,-6,1,5,-77,-97,4,31,12,210,181,12,-1,160,202,184,177,1,9941
145.761044979,1,4,3,-7,-1,1,-7,0,3,130,-100,228,36,12,208,181,12,-1,202,160,177,183,1,9942
145.772639037,1,4,3,10,-2,0,-6,0,1,-236,-46,148,34,12,206,181,12,-1,159,202,179,183,1,9943
145.800922156,2,4,3,0,-2,-2,-4,-1,0,124,-43,7,38,9,211,181,12,-1,187,172,179,184,1,9944
145.811990023,1,5,3,-3,1,1,0,-1,0,-41,-40,215,35,1,215,181,12,-1,187,175,185,175,1,9945
145.822432041,1,5,3,-2,-3,3,2,-1,-1,-5,162,198,27,0,214,181,12,-1,182,181,172,186,1,9946
145.851196051,1,5,3,-9,5,5,3,-1,-1,140,188,178,29,-2,219,181,12,-1,195,170,189,168,1,9947
145.865770102,1,5,3,8,0,-2,3,-1,0,110,-163,125,32,1,214,181,12,-1,159,200,177,187,1,9948
145.87293911,1,5,3,-9,4,-15,2,0,0,140,-195,65,38,4,216,181,12,-1,195,154,193,180,1,9949
145.902088166,1,5,3,9,3,-7,0,0,1,-167,-249,235,39,0,216,181,12,-1,155,199,186,181,1,9950
145.912914038,1,5,2,6,2,-3,-2,0,0,38,-183,43,46,-4,214,181,12,-1,177,181,182,182,1,9951
145.928676129,1,5,2,2,0,8,-3,1,0,-198,-101,211,44,-3,218,181,12,-1,186,181,176,179,1,9952
145.952934981,1,6,3,14,-7,6,-2,2,-2,49,-11,98,45,-9,220,181,12,-1,163,203,167,189,1,9953
145.962967158,1,6,2,-1,6,-4,0,2,-4,5,87,77,39,-2,218,181,12,-1,193,165,198,166,1,9954
145.974148035,1,6,2,0,-8,-2,3,2,-5,-19,-124,144,36,-2,222,181,12,-1,180,179,163,200,1,9955
146.003106118,1,6,2,3,12,-8,5,1,-3,24,132,54,30,-4,213,181,12,-1,172,183,209,158,1,9956
146.013971091,1,6,2,-6,-11,-1,7,0,-1,-46,88,0,32,0,221,181,12,-1,192,168,154,208,1,9957
146.025276184,1,6,2,-7,4,0,6,0,0,215,-141,-20,29,-8,211,181,12,-1,187,175,196,165,1,9958
146.053955078,1,6,2,-9,-1,-4,4,-1,0,-206,-182,42,32,-10,214,181,12,-1,186,171,177,188,1,9959
146.064937115,1,6,2,5,2,5,1,-1,0,7,-88,-12,27,-5,202,181,12,-1,167,199,183,174,1,9960
146.075111151,0,6,2,-10,0,-3,-2,0,-1,-61,-72,82,29,-8,212,181,12,-1,200,159,181,183,1,9961
146.10413599,0,6,2,9,-14,0,-5,0,-2,27,194,177,31,-4,211,181,12,-1,158,203,159,202,1,9962
146.11558199,0,6,2,-9,2,0,-6,0,-3,47,74,-85,28,-4,207,181,12,-1,202,159,196,165,1,9963
146.126133204,0,6,2,17,7,4,-6,0,-2,53,-45,224,27,-11,215,181,12,-1,149,216,189,169,1,9964
146.15495205,0,6,2,-3,-5,-2,-4,0,-1,141,72,167,28,-16,210,181,12,-1,200,159,167,196,1,9965
146.166043997,0,6,2,-2,1,0,-1,-1,0,31,56,159,32,-2,215,181,12,-1,181,180,188,173,1,9966
146.177252055,0,6,2,0,0,2,0,-1,0,249,-83,15,36,-6,218,181,12,-1,179,184,178,181,1,9967
146.206036091,0,7,2,-14,12,6,2,-1,1,-113,-54,40,36,-13,215,181,12,-1,204,162,197,159,1,9968
146.216314078,0,7,3,-8,-5,4,3,0,1,-197,-249,11,32,-23,208,181,12,-1,183,181,160,197,1,9969
146.227203131,0,7,3,2,0,6,1,0,1,230,189,-18,34,-24,208,181,12,-1,172,195,183,173,1,9970
146.256088019,0,7,3,-5,0,5,0,1,1,-168,-98,110,28,-32,203,181,12,-1,194,172,177,179,1,9971
146.267343998,0,7,3,1,1,7,-4,2,2,190,-42,16,31,-33,202,181,12,-1,176,191,180,175,1,9972
146.277979136,0,7,3,-1,3,5,-6,2,3,57,176,41,33,-33,209,181,12,-1,187,178,183,174,1,9973
146.307093144,-1,7,3,15,3,4,-6,2,5,-238,-30,83,26,-36,202,181,12,-1,158,207,181,176,1,9974
146.317263127,-1,7,3,-11,7,4,-5,1,6,96,152,58,35,-38,206,181,12,-1,212,153,187,170,1,9975
146.32815218,-1,7,3,8,2,-1,-2,1,6,-88,-146,129,29,-49,200,181,12,-1,158,202,179,183,1,9976
146.357129097,-2,7,3,-5,0,-4,0,1,6,47,27,154,31,-40,210,181,12,-1,194,163,181,184,1,9977
146.368377209,-2,7,3,3,5,-4,2,2,5,-74,177,20,27,-40,201,181,12,-1,169,188,190,174,1,9978
146.379008055,-2,7,3,-6,-13,6,3,3,3,75,127,2,28,-36,198,181,12,-1,196,170,152,204,1,9979
146.408138037,-2,7,3,-6,-1,6,3,4,1,-14,152,-96,19,-26,192,181,12,-1,187,179,188,168,1,9980
146.419239045,-3,7,3,-4,-3,11,1,3,0,83,94,152,23,-14,196,181,12,-1,187,183,171,181,1,9981
146.429908991,-3,7,3,1,0,0,0,1,-1,26,-132,-209,21,-15,185,181,12,-1,174,187,184,177,1,9982
146.45895505,-3,7,3,-2,5,1,-2,0,0,156,161,103,31,-10,190,181,12,-1,186,177,188,172,1,9983
146.46955514,-3,7,3,-5,4,-4,-4,-2,1,-168,79,-42,17,-7,182,181,12,-1,185,172,185,180,1,9984
146.48032403,-3,7,3,10,8,0,-4,-3,3,143,122,121,21,-3,180,181,12,-1,160,201,190,171,1,9985
146.508991003,-3,7,3,2,5,6,-4,-2,4,2,-13,-120,22,-7,166,181,12,-1,187,178,179,177,1,9986
146.520032168,-3,7,3,-5,4,-2,-2,0,4,-49,110,248,17,-9,167,181,12,-1,190,168,183,180,1,9987
146.530922175,-3,7,3,2,-6,-2,-1,2,2,-61,51,26,13,-4,171,181,12,-1,171,188,169,194,1,9988
146.560260058,-3,7,3,-4,-5,-6,0,5,0,45,114,19,10,3,176,181,12,-1,186,170,180,186,1,9989
146.573548079,-3,7,3,-9,-12,3,1,6,0,-130,-199,-8,11,4,170,181,12,-1,193,171,165,193,1,9990
146.581163168,-3,7,3,-3,3,7,1,5,-1,159,77,171,8,17,180,181,12,-1,181,186,193,162,1,9991
146.609934092,-3,6,3,-16,0,1,0,2,-2,122,-62,154,16,18,179,181,12,-1,203,159,176,184,1,9992
146.620990038,-2,6,3,8,3,3,-1,-1,-1,-2,35,157,14,32,180,181,12,-1,156,208,185,174,1,9993
146.632184029,-2,6,3,-8,0,-6,-4,-4,0,-129,71,-44,11,32,171,181,12,-1,197,159,180,186,1,9994
146.661034108,-1,6,3,21,0,7,-6,-5,0,124,203,10,15,40,161,181,12,-1,144,220,178,176,1,9995
146.672186137,-1,6,3,1,0,-6,-6,-4,2,-180,-204,-201,10,31,154,181,12,-1,195,162,184,182,1,9996
146.682108164,0,6,3,5,-7,6,-5,-2,2,114,-3,2,14,29,154,181,12,-1,176,191,166,190,1,9997
146.7110672,0,6,3,4,5,13,-2,0,2,78,-26,134,10,32,165,181,12,-1,184,188,190,161,1,9998
146.72214818,0,6,3,3,-5,0,2,1,1,158,95,137,19,39,174,181,12,-1,179,182,168,193,1,9999
146.733042002,0,6,3,0,5,-4,5,1,1,164,-231,185,23,35,178,181,12,-1,183,175,194,170,1,10000
146.761926174,0,6,3,5,7,-9,8,1,2,-107,-6,199,22,43,175,181,12,-1,169,185,191,177,1,10001
146.772986174,0,6,3,-6,14,1,7,0,2,-94,-182,-3,19,34,164,181,12,-1,195,167,196,164,1,10002
146.784524203,1,6,3,4,9,0,6,0,2,-223,-182,110,12,28,175,181,12,-1,168,192,183,179,1,10003
146.812175036,1,6,3,-14,0,4,3,1,1,211,-35,67,16,28,165,181,12,-1,208,157,171,186,1,10004
146.82315898,1,6,3,12,0,-3,0,3,0,75,-7,150,14,19,165,181,12,-1,148,210,181,183,1,10005
146.834079028,2,6,3,-5,-9,-5,-1,6,-1,-1,33,174,14,12,159,181,12,-1,198,159,169,196,1,10006
146.863094092,2,6,3,6,-6,-1,-2,7,-2,6,-156,32,8,11,159,181,12,-1,166,194,179,184,1,10007
146.874089003,2,6,3,-5,-7,3,-2,7,-2,104,-1,15,13,18,165,181,12,-1,195,169,173,186,1,10008
146.88491416,2,6,3,6,3,4,-1,4,-1,-67,81,206,16,27,170,181,12,-1,168,197,190,167,1,10009
146.913967133,2,6,3,-2,15,3,0,0,-1,-65,-9,250,9,22,176,181,12,-1,191,172,200,158,1,10010
146.924293995,2,5,3,8,-9,6,0,-3,0,116,-82,73,16,22,182,181,12,-1,168,198,150,205,1,10011
146.935271979,2,6,3,1,15,-3,1,-5,0,-133,16,45,8,24,183,181,12,-1,184,174,213,151,1,10012
146.96402216,3,5,3,9,-9,-6,2,-4,1,184,-248,8,11,13,182,181,12,-1,165,191,157,210,1,10013
146.975315094,3,5,3,-4,4,3,2,-1,2,-44,-228,195,16,8,185,181,12,-1,196,168,194,164,1,10014
146.986493111,3,5,3,7,-8,-1,3,1,2,113,9,137,10,4,180,181,12,-1,165,195,165,197,1,10015
147.014969111,2,5,3,-19,-2,5,3,4,2,19,14,52,19,8,185,181,12,-1,218,147,182,175,1,10016
147.02969718,3,5,3,8,0,-3,3,4,0,146,94,92,15,4,183,181,12,-1,151,207,182,181,1,10017
147.036540985,2,5,3,-14,-1,0,2,2,0,193,141,54,22,3,184,181,12,-1,209,152,178,183,1,10018
147.065119982,2,5,3,14,6,-10,1,0,0,-28,1,191,13,0,189,181,12,-1,143,210,196,173,1,10019
147.076168061,2,5,3,-12,2,10,0,-2,0,-85,253,121,17,2,201,181,12,-1,215,154,175,178,1,10020
147.087110043,2,5,3,6,-3,0,-2,-3,0,-120,-22,161,12,0,201,181,12,-1,161,200,172,188,1,10021
147.11609912,2,5,3,0,1,-2,-3,-2,0,-145,107,207,8,5,211,181,12,-1,185,174,187,176,1,10022
147.127020121,2,5,3,3,-5,-3,-3,-1,0,50,219,-122,5,7,199,181,12,-1,174,185,173,191,1,10023
147.137188197,2,5,3,0,9,1,-2,0,0,65,-138,180,11,1,205,181,12,-1,183,180,198,161,1,10024
147.166071177,2,5,3,-3,-2,-5,0,1,0,114,-111,67,11,-4,197,181,12,-1,185,172,171,194,1,10025
147.177158118,2,5,3,-9,6,8,0,1,0,78,126,112,12,0,209,181,12,-1,194,174,189,165,1,10026
147.188084126,2,5,3,-3,2,5,1,1,0,-112,-149,-11,11,-7,203,181,12,-1,180,185,177,180,1,10027
147.217007161,1,5,3,-15,-4,0,1,1,0,64,232,192,14,-2,200,181,12,-1,201,160,171,190,1,10028
147.228021145,1,5,3,-3,8,-2,0,1,0,-193,54,22,8,-4,194,181,12,-1,172,187,198,165,1,10029
147.244059086,1,5,3,-2,-7,4,-3,1,0,132,156,196,15,4,199,181,12,-1,183,181,161,197,1,10030
147.268151999,1,5,3,6,-3,0,-5,1,1,3,98,20,11,-1,195,181,12,-1,169,192,182,179,1,10031
147.278187991,1,5,4,-6,-4,5,-7,1,2,141,214,28,11,5,192,181,12,-1,197,168,174,183,1,10032
147.289166212,1,5,4,2,0,7,-7,1,2,77,39,122,13,0,191,181,12,-1,175,192,180,175,1,10033
147.3180511,1,5,4,3,-4,15,-6,0,2,-140,-73,69,13,-10,201,181,12,-1,183,191,167,181,1,10034
147.329050064,1,4,3,4,-4,-9,-3,-1,2,-152,-63,172,6,-23,205,181,12,-1,173,180,181,188,1,10035
147.340167046,1,4,3,8,5,-5,0,-3,3,-88,-135,171,8,-21,214,181,12,-1,170,186,195,171,1,10036
147.36907816,0,4,3,-12,-4,-3,1,-4,3,12,-20,93,6,-22,216,181,12,-1,205,153,170,194,1,10037
147.380021096,0,4,4,-7,0,6,3,-4,4,-73,-30,26,2,-22,214,181,12,-1,184,183,182,174,1,10038
147.390212059,0,4,4,-7,-1,1,3,-3,3,-42,-104,135,-2,-27,214,181,12,-1,185,177,178,182,1,10039
147.419190169,0,4,4,8,-3,-6,2,-2,1,204,-40,-29,-1,-22,208,181,12,-1,160,196,180,187,1,10040
147.4302001,0,4,4,-3,-2,7,0,-1,0,14,-153,33,7,-26,210,181,12,-1,196,171,176,179,1,10041
147.441065073,0,4,4,1,0,-7,-2,0,-1,-105,-222,-23,7,-27,210,181,12,-1,172,183,185,182,1,10042
147.469927073,0,4,4,3,1,0,-4,0,-1,33,-177,204,20,-27,206,181,12,-1,177,184,183,177,1,10043
147.481023074,0,4,4,6,0,0,-4,-1,-1,164,-121,0,19,-29,211,181,12,-1,174,188,180,180,1,10044
147.49221015,0,4,4,1,4,-5,-2,-1,0,-136,-27,183,14,-23,211,181,12,-1,181,175,188,178,1,10045
147.520181179,0,4,4,11,-1,-3,0,-1,0,199,169,220,19,-19,213,181,12,-1,163,195,177,188,1,10046
147.531156063,0,4,4,6,4,-2,2,0,0,-180,196,65,14,-11,213,181,12,-1,179,180,189,174,1,10047
147.5419662,0,4,4,0,-10,2,4,0,-1,-51,-6,155,10,-11,217,181,12,-1,186,176,160,199,1,10048
147.570990086,-1,4,4,-7,9,3,6,1,-1,23,178,215,12,-2,217,181,12,-1,194,170,203,155,1,10049
147.582127095,0,3,4,3,-8,1,6,1,-2,131,44,171,17,-1,222,181,12,-1,170,193,159,201,1,10050
147.592938185,0,4,4,-9,4,-5,6,1,-2,-3,-255,20,14,-5,214,181,12,-1,195,162,197,168,1,10051
147.622183085,0,4,4,8,8,-3,4,0,-1,7,-71,49,18,-7,208,181,12,-1,159,199,190,173,1,10052
147.631937027,0,4,4,4,3,0,1,0,0,-100,-216,78,11,-6,203,181,12,-1,181,181,178,182,1,10053
147.643023014,0,4,4,-7,6,8,0,0,0,-11,-28,161,11,-8,202,181,12,-1,199,169,185,170,1,10054
147.672054053,0,4,4,4,-9,3,-1,0,0,151,-218,60,12,-13,206,181,12,-1,169,194,160,198,1,10055
147.682917118,0,4,4,5,0,-2,-1,1,0,160,130,71,16,-11,201,181,12,-1,175,183,188,175,1,10056
147.694025994,-1,4,4,-1,-5,4,0,3,0,74,-156,32,14,-17,199,181,12,-1,188,176,172,186,1,10057
147.722942114,-1,4,4,11,-10,-5,0,3,1,56,-185,162,11,-25,202,181,12,-1,160,196,171,195,1,10058
147.732976199,-1,4,4,-4,2,-2,1,1,1,86,5,122,20,-25,200,181,12,-1,196,163,195,168,1,10059
147.744047165,-1,4,4,10,0,-8,2,0,1,-98,-123,171,20,-34,195,181,12,-1,158,196,182,186,1,10060
147.772993088,-1,4,3,-16,15,-8,3,-2,1,177,-232,-62,27,-40,183,181,12,-1,210,144,207,160,1,10061
147.784279108,-2,4,4,-6,-5,0,3,-4,0,220,-116,108,36,-45,187,181,12,-1,177,184,158,202,1,10062
147.795194149,-2,4,4,-5,4,5,2,-4,-2,-97,36,-22,32,-50,189,181,12,-1,185,181,190,166,1,10063
147.826189041,-3,4,4,-12,-4,3,0,-2,-4,24,-221,212,38,-52,196,181,12,-1,196,168,169,190,1,10064
147.834335089,-3,4,4,-10,-1,7,-1,0,-4,-50,-104,165,34,-52,199,181,12,-1,189,179,179,176,1,10065
147.845067025,-3,4,4,8,-4,7,-4,3,-4,-1,-83,178,32,-57,207,181,12,-1,162,204,173,182,1,10066
147.874287129,-4,4,4,-2,-6,-1,-7,3,-1,-34,-172,199,34,-57,212,181,12,-1,190,169,174,188,1,10067
147.888151169,-4,5,4,2,4,4,-8,2,1,187,47,149,37,-56,218,181,12,-1,176,188,191,166,1,10068
147.896107197,-4,5,4,5,1,4,-8,0,4,-161,-174,84,38,-61,219,181,12,-1,175,189,178,180,1,10069
147.925011158,-5,5,4,-1,5,1,-5,-1,6,-114,234,189,31,-59,225,181,12,-1,188,174,187,173,1,10070
147.935502053,-5,5,4,-1,9,-1,-2,-3,6,113,1,245,34,-62,225,181,12,-1,181,179,190,172,1,10071
147.946148157,-5,5,4,2,0,-13,1,-2,5,-24,-104,72,30,-70,232,181,12,-1,170,180,177,195,1,10072
147.975136996,-6,5,4,-14,-5,3,3,0,3,45,-143,62,29,-74,224,181,12,-1,205,158,172,187,1,10073
147.98616314,-6,5,4,3,-9,-7,3,1,0,-107,-24,98,30,-67,219,181,12,-1,161,194,174,193,1,10074
147.997136116,-6,5,4,-16,-5,4,2,3,-1,1,-153,80,34,-63,223,181,12,-1,210,155,178,179,1,10075
148.026324988,-7,5,4,11,1,9,0,3,-3,-46,48,137,35,-58,228,181,12,-1,153,216,183,171,1,10076
148.040239096,-7,5,4,0,0,3,-2,1,-4,117,-115,209,38,-60,225,181,12,-1,191,173,179,180,1,10077
148.047836066,-7,5,4,6,5,-1,-4,-1,-3,43,241,163,40,-54,228,181,12,-1,170,189,189,173,1,10078
148.076547146,-7,6,4,10,6,-6,-5,-3,-1,5,-97,199,42,-54,223,181,12,-1,168,188,188,178,1,10079
148.087033034,-7,6,4,8,9,0,-3,-4,1,233,26,181,42,-52,235,181,12,-1,176,184,189,173,1,10080
148.098232985,-7,6,4,-2,-5,-4,0,-3,2,-202,-53,-155,31,-49,224,181,12,-1,190,167,167,198,1,10081
148.12712121,-7,6,4,0,-4,3,3,0,2,211,-74,247,39,-46,237,181,12,-1,179,185,176,182,1,10082
148.138120175,-8,6,4,-7,-10,-1,6,2,1,-163,-3,219,27,-48,237,181,12,-1,192,168,169,193,1,10083
148.149222136,-8,6,4,-3,-2,10,7,4,0,16,248,164,23,-38,241,181,12,-1,183,187,181,171,1,10084
148.178034067,-8,6,4,-9,-6,0,6,4,-1,75,-35,200,35,-45,242,181,12,-1,192,169,173,188,1,10085
148.188029051,-8,6,4,12,7,5,2,1,-2,253,79,175,37,-41,247,181,12,-1,156,209,195,162,1,10086
148.199195147,-8,6,4,-8,5,10,0,-2,0,28,107,38,42,-43,240,181,12,-1,208,162,179,174,1,10087
148.22823,-8,6,4,11,8,0,-4,-5,1,232,181,170,49,-38,234,181,12,-1,157,204,189,172,1,10088
148.23892808,-8,6,4,6,-5,-3,-5,-5,3,57,-220,-179,50,-55,224,181,12,-1,178,180,166,197,1,10089
148.249975205,-8,6,4,5,-3,-2,-4,-3,5,32,13,77,47,-56,215,181,12,-1,177,182,181,181,1,10090
148.27897811,-8,7,4,-6,2,2,-1,0,6,-12,214,61,47,-44,223,181,12,-1,196,167,186,174,1,10091
148.290115118,-8,7,4,-15,-4,-12,2,2,5,57,168,228,55,-38,227,181,12,-1,192,159,177,193,1,10092
148.300224066,-8,7,4,0,3,4,4,4,2,4,12,81,57,-32,227,181,12,-1,169,196,187,171,1,10093
148.329055071,-8,7,4,-3,-1,6,4,3,0,3,186,122,58,-20,233,181,12,-1,190,177,173,182,1,10094
148.340298176,-8,7,4,1,4,6,2,1,-2,-25,50,201,53,-14,230,181,12,-1,178,188,185,170,1,10095
148.351098061,-8,7,4,7,1,1,0,0,-3,13,191,77,50,-12,237,181,12,-1,171,191,178,181,1,10096
148.379965067,-8,8,4,-10,-3,0,-3,-1,-2,-35,-205,224,47,-13,235,181,12,-1,201,159,174,188,1,10097
148.390880108,-8,8,4,3,7,10,-5,-1,0,234,-144,170,51,-12,242,181,12,-1,171,198,191,162,1,10098
148.401070118,-7,8,4,-6,0,7,-4,0,2,-220,-68,224,44,-14,238,181,12,-1,196,171,171,184,1,10099
148.430177212,-7,8,4,4,-4,1,-2,0,4,95,-28,250,48,-12,240,181,12,-1,168,194,173,187,1,10100
148.44118619,-7,8,4,-7,-9,2,-1,1,5,63,-22,170,46,-6,245,181,12,-1,198,166,169,190,1,10101
148.452165127,-7,8,4,1,-4,0,0,1,6,-75,83,31,38,-1,244,181,12,-1,172,189,181,180,1,10102
148.481060982,-7,8,4,2,1,5,0,0,5,231,69,125,46,-1,254,181,12,-1,180,186,185,172,1,10103
148.492025137,-7,8,4,-7,1,0,0,0,4,111,62,27,42,12,249,181,12,-1,194,167,181,180,1,10104
148.502307177,-7,8,4,2,5,-2,-1,-2,3,47,-72,62,45,13,246,181,12,-1,170,189,188,174,1,10105
148.531059027,-6,8,4,-2,2,-4,-1,-3,2,82,147,252,47,18,242,181,12,-1,184,173,182,183,1,10106
148.542788029,-6,8,4,1,0,-2,-1,-3,1,-219,-45,-17,42,15,236,181,12,-1,176,183,180,183,1,10107
148.553037167,-6,8,4,-4,-2,-2,-1,-2,0,117,249,99,40,14,235,181,12,-1,186,172,177,186,1,10108
148.582041979,-5,8,4,-8,-8,10,-1,0,0,102,246,152,47,24,237,181,12,-1,194,176,165,188,1,10109
148.592993021,-5,8,4,6,0,4,-1,1,-1,75,245,232,58,25,238,181,12,-1,166,199,186,172,1,10110
148.603038073,-5,8,4,-12,-4,-1,-1,2,-1,-137,21,157,52,32,236,181,12,-1,203,157,175,187,1,10111
148.6323421,-4,9,4,8,0,5,-1,1,-1,130,19,221,56,35,233,181,12,-1,159,206,182,175,1,10112
148.643220187,-4,9,4,2,10,-5,-2,0,0,-85,-14,38,52,31,233,181,12,-1,182,175,198,167,1,10113
148.654000998,-3,9,4,-7,0,5,-2,-2,1,-155,-37,198,51,31,235,181,12,-1,196,169,171,186,1,10114
148.68453908,-3,9,4,-6,0,6,-2,-3,3,127,-3,247,54,35,233,181,12,-1,186,180,178,178,1,10115
148.693968058,-3,9,4,3,1,-12,-1,-2,3,-74,129,172,54,37,227,181,12,-1,165,185,187,184,1,10116
148.704120159,-2,9,4,5,-7,8,-1,0,2,89,-36,104,53,39,225,181,12,-1,178,190,165,190,1,10117
148.733206988,-2,9,4,7,8,1,0,1,1,-38,226,133,51,39,224,181,12,-1,175,187,199,161,1,10118
148.744186163,-1,9,4,6,-6,5,0,2,0,40,80,174,52,43,223,181,12,-1,179,186,162,195,1,10119
148.755119086,-1,10,4,0,11,7,0,2,0,81,51,185,48,44,223,181,12,-1,189,179,200,155,1,10120
148.784146071,-1,10,4,1,6,9,1,1,0,-76,-220,-129,51,39,224,181,12,-1,182,186,177,177,1,10121
148.795096159,0,10,4,-4,11,-2,3,0,1,95,-110,11,48,39,212,181,12,-1,187,172,194,169,1,10122
148.806020022,0,10,4,0,4,-1,4,0,3,-151,-152,9,49,41,207,181,12,-1,177,182,178,184,1,10123
148.837355137,0,10,4,-5,-4,3,4,2,4,161,132,173,52,38,200,181,12,-1,190,174,169,189,1,10124
148.845219136,0,10,4,8,-1,0,3,4,5,-154,-26,-181,40,39,191,181,12,-1,163,197,182,179,1,10125
148.856136084,0,10,4,3,-8,1,1,5,5,228,53,82,39,38,189,181,12,-1,182,180,169,191,1,10126
148.885046006,0,10,4,-3,-5,1,0,6,3,-112,-42,-73,36,34,186,181,12,-1,190,173,179,181,1,10127
148.904103041,1,10,4,-4,-2,3,-1,4,1,92,178,110,32,34,191,181,12,-1,186,178,180,178,1,10128
148.90693307,1,10,4,5,-2,0,-1,1,0,14,-55,38,31,38,202,181,12,-1,168,193,179,182,1,10129
148.936374188,1,10,4,-1,5,7,0,-2,0,-182,101,74,26,40,209,181,12,-1,191,176,188,167,1,10130
148.946348191,2,10,4,4,-3,-12,0,-4,0,-159,-9,64,22,28,209,181,12,-1,168,184,175,196,1,10131
148.957123995,2,10,4,3,6,-3,0,-5,0,-12,-25,197,14,24,208,181,12,-1,177,181,195,168,1,10132
148.986218214,2,10,4,0,-3,0,1,-4,1,-21,202,25,13,28,207,181,12,-1,183,178,170,191,1,10133
148.997049094,2,9,4,-9,-7,-8,1,-2,1,-210,96,18,8,26,204,181,12,-1,191,163,175,193,1,10134
149.008102179,2,9,4,5,-3,-6,1,0,0,91,188,71,11,29,207,181,12,-1,162,194,184,181,1,10135
149.037077189,2,9,4,-8,-1,0,1,1,-1,-193,80,206,6,27,204,181,12,-1,197,163,181,180,1,10136
149.04738617,2,9,3,3,1,-3,0,1,-3,77,-29,84,9,31,201,181,12,-1,168,191,186,178,1,10137
149.058248043,3,8,3,-5,0,-4,0,0,-5,0,176,241,9,39,196,181,12,-1,190,168,182,183,1,10138
149.087037087,3,8,3,5,7,4,-1,-1,-5,-160,-179,132,11,36,194,181,12,-1,169,195,189,168,1,10139
149.098247052,3,8,3,-9,-2,0,-2,-2,-5,53,-86,55,10,35,189,181,12,-1,199,161,170,191,1,10140
149.109086037,3,8,3,10,6,-7,-2,-2,-4,-167,227,163,4,41,189,181,12,-1,153,201,196,171,1,10141
149.13816309,3,8,3,5,-8,4,-2,0,-2,-7,-60,236,6,38,187,181,12,-1,183,181,161,197,1,10142
149.149098158,4,8,3,7,1,-1,-1,0,-1,-175,43,139,-4,37,188,181,12,-1,173,186,190,172,1,10143
149.159872055,4,7,3,-8,-11,7,0,2,0,170,69,73,-2,31,189,181,12,-1,202,165,159,196,1,10144
149.189067126,4,7,3,6,8,0,1,2,0,-37,139,106,-4,36,190,181,12,-1,164,198,203,158,1,10145
149.199130059,4,7,4,-5,-4,10,3,1,0,242,208,51,0,38,191,181,12,-1,199,171,161,191,1,10146
149.210067988,4,6,4,-6,11,0,3,0,0,47,-111,40,5,42,193,181,12,-1,185,176,201,159,1,10147
149.239144087,5,6,4,5,6,-2,3,-1,1,69,-136,63,4,33,192,181,12,-1,166,193,182,180,1,10148
149.250039101,5,6,4,13,3,-3,1,-1,2,62,-85,130,3,24,191,181,12,-1,164,194,181,182,1,10149
149.261018992,5,6,4,-5,5,5,0,0,3,37,-16,231,-3,11,185,181,12,-1,202,164,184,173,1,10150
149.289935112,5,6,4,10,-7,4,0,1,3,33,38,170,0,5,185,181,12,-1,162,203,162,195,1,10151
149.300209046,5,6,4,-6,4,-1,0,4,2,-51,71,45,-3,7,187,181,12,-1,198,162,194,169,1,10152
149.311244011,5,5,4,9,-9,1,0,5,1,-204,-77,227,-6,12,192,181,12,-1,161,201,162,198,1,10153
149.340175152,5,5,4,-3,-1,-10,2,5,1,165,25,253,1,13,193,181,12,-1,190,163,190,180,1,10154
149.351392031,5,5,4,4,0,2,3,3,0,-185,49,81,-6,14,196,181,12,-1,171,192,182,178,1,10155
149.3623662,5,5,4,-7,7,-7,4,0,0,163,20,52,0,12,193,181,12,-1,193,163,195,172,1,10156
149.390945196,5,5,4,4,14,-8,3,-2,0,-85,-11,136,-5,6,193,181,12,-1,164,190,199,169,1,10157
149.40123415,4,5,4,-12,8,14,2,-3,-1,212,-80,30,1,-1,184,181,12,-1,208,165,176,174,1,10158
149.41219616,4,5,4,3,-4,0,1,-2,-2,-177,166,37,-4,0,181,181,12,-1,165,196,166,194,1,10159
149.441226006,4,4,4,-5,4,12,0,0,-3,43,99,101,1,2,179,181,12,-1,197,173,186,165,1,10160
149.452647209,4,4,4,-1,-7,2,-2,4,-2,-102,-147,163,0,3,193,181,12,-1,179,184,164,195,1,10161
149.46302104,4,4,4,-2,-1,3,-3,6,0,-41,170,54,-2,17,200,181,12,-1,184,179,184,174,1,10162
149.492129088,4,4,4,1,-4,6,-3,7,2,76,-53,135,2,19,210,181,12,-1,179,187,173,183,1,10163
149.502192021,4,4,4,-7,9,1,-3,5,5,27,237,236,5,22,211,181,12,-1,193,169,198,162,1,10164
149.513331175,4,4,4,3,5,1,-2,1,6,55,-55,-15,11,21,215,181,12,-1,170,192,180,180,1,10165
149.542127133,4,4,4,-4,10,5,-2,-1,7,34,67,162,6,15,211,181,12,-1,193,173,190,167,1,10166
149.553547144,4,4,4,11,7,1,-1,-2,6,92,20,47,11,17,220,181,12,-1,159,203,182,178,1,10167
149.564061165,4,4,4,-3,-2,-1,-1,-1,4,2,-98,-51,9,10,210,181,12,-1,195,165,172,190,1,10168
149.592131138,4,4,4,1,-3,2,0,1,2,147,-181,124,12,7,212,181,12,-1,176,186,175,184,1,10169
149.60303998,4,4,4,0,-7,1,0,4,1,-189,-158,77,12,0,212,181,12,-1,184,179,172,188,1,10170
149.61422205,4,4,4,3,-2,-3,0,6,0,-28,-43,131,15,6,207,181,12,-1,173,185,184,180,1,10171
149.643096209,4,4,4,-15,0,-1,1,5,0,63,-80,241,17,4,208,181,12,-1,205,154,184,179,1,10172
149.654132128,4,4,4,11,4,-4,1,2,0,153,42,166,21,0,212,181,12,-1,150,208,189,175,1,10173
149.664067984,4,4,4,-10,4,2,1,0,0,9,-152,129,33,-5,215,181,12,-1,206,157,182,177,1,10174
149.69304514,4,4,4,19,3,-1,0,-3,0,-105,-37,233,28,-11,212,181,12,-1,143,217,184,179,1,10175
149.704076052,3,4,4,-7,-8,5,-1,-4,-1,74,-54,98,41,-20,216,181,12,-1,210,156,162,194,1,10176
149.715075016,3,4,4,14,1,-8,-1,-2,-1,-156,63,204,29,-18,219,181,12,-1,150,204,194,174,1,10177
149.744199992,3,4,4,0,-11,10,0,0,-1,204,144,16,28,-19,220,181,12,-1,196,173,158,194,1,10178
149.756134034,3,4,4,3,-4,-9,1,1,-1,-1,205,179,25,-9,227,181,12,-1,171,182,187,182,1,10179
149.765166045,2,4,4,-6,-4,7,3,1,0,7,216,180,24,-2,237,181,12,-1,196,171,174,181,1,10180
149.794195176,2,4,4,-2,-3,0,4,0,0,-88,99,40,26,-5,240,181,12,-1,179,183,179,181,1,10181
149.805129052,2,4,4,-3,-5,-3,5,-2,0,168,246,162,31,2,245,181,12,-1,182,177,176,188,1,10182
149.818720103,2,4,4,1,3,0,3,-4,1,-10,-161,42,35,-2,242,181,12,-1,176,185,191,171,1,10183
149.845103026,2,4,4,2,0,2,1,-6,1,8,228,127,31,1,237,181,12,-1,179,184,177,182,1,10184
149.855240107,2,4,4,12,3,5,0,-6,0,-26,-8,64,31,-2,236,181,12,-1,166,199,183,173,1,10185
149.866183043,2,4,4,-15,-4,4,-2,-5,0,4,-115,113,25,-10,231,181,12,-1,215,150,169,188,1,10186
149.895331145,2,5,4,16,4,3,-2,-2,0,58,168,8,25,-3,237,181,12,-1,145,219,190,168,1,10187
149.906616211,1,4,4,-14,-16,-5,0,0,0,-10,7,178,23,0,240,181,12,-1,214,143,154,211,1,10188
149.917311192,1,4,4,10,0,1,0,1,1,-4,175,62,15,6,238,181,12,-1,153,209,194,166,1,10189
149.946406126,1,4,4,1,3,-1,2,1,2,247,-135,110,21,9,242,181,12,-1,186,174,186,176,1,10190
149.956140042,1,4,4,1,2,0,2,0,2,183,37,144,24,16,241,181,12,-1,180,181,182,179,1,10191
149.967154026,2,4,4,0,2,4,2,-1,2,215,-66,46,31,12,235,181,12,-1,185,180,180,177,1,10192
149.996093035,2,4,4,5,-2,0,1,-2,0,-12,-19,-6,36,14,229,181,12,-1,172,189,175,187,1,10193
150.007255078,1,5,4,-7,6,6,1,-2,0,231,-129,-14,37,10,222,181,12,-1,198,168,189,166,1,10194
150.018179179,1,5,4,0,-7,1,1,-1,0,-171,83,231,38,11,219,181,12,-1,174,188,164,196,1,10195
150.047108174,1,5,4,-14,-5,5,0,0,0,28,126,138,34,14,228,181,12,-1,205,160,176,180,1,10196
150.057183981,2,5,4,5,-3,8,0,1,0,-59,126,221,35,23,236,181,12,-1,163,205,176,178,1,10197
150.068299055,2,5,4,-7,1,6,0,1,2,188,222,199,34,31,241,181,12,-1,200,167,183,172,1,10198
150.097054005,2,5,4,10,12,7,-1,0,3,0,-208,74,39,22,248,181,12,-1,162,205,195,160,1,10199
150.108049155,2,5,4,-5,0,0,-3,-1,5,68,117,122,33,22,242,181,12,-1,196,164,172,190,1,10200
150.119016171,2,5,4,9,3,9,-3,-1,6,-34,-155,41,35,22,239,181,12,-1,166,202,181,172,1,10201
150.148102045,2,5,4,-2,3,1,-3,-1,6,-112,132,63,33,15,239,181,12,-1,192,170,182,178,1,10202
150.159506083,2,6,4,6,2,-3,-1,0,6,76,63,-38,33,17,229,181,12,-1,168,191,183,180,1,10203
150.168968201,2,6,4,-9,-5,2,0,2,5,86,-50,34,28,10,230,181,12,-1,202,161,169,190,1,10204
150.197998047,2,6,4,-5,-6,0,2,4,4,12,143,63,27,22,238,181,12,-1,180,180,176,185,1,10205
150.20913601,2,6,4,-8,4,-3,2,4,3,54,-5,160,28,20,245,181,12,-1,187,171,193,171,1,10206
150.220694065,2,6,4,5,3,-2,2,3,1,-76,90,-104,23,28,234,181,12,-1,164,195,184,179,1,10207
150.249159098,2,6,4,-16,1,5,0,1,0,119,-42,104,26,29,245,181,12,-1,212,153,177,179,1,10208
150.260008097,3,6,4,15,4,-7,-2,0,0,131,-83,59,26,32,243,181,12,-1,141,214,189,178,1,10209
150.270220042,3,6,4,-11,1,6,-4,-1,-1,141,214,-48,34,41,234,181,12,-1,213,153,176,179,1,10210
150.299209118,3,6,4,8,-6,6,-5,-1,-1,-169,-91,23,31,40,237,181,12,-1,161,205,167,189,1,10211
150.310214997,3,6,4,-9,-7,3,-5,0,0,28,151,198,30,46,236,181,12,-1,204,160,174,184,1,10212
150.321118117,3,6,4,7,-12,-14,-3,1,0,-193,-52,114,21,43,235,181,12,-1,155,194,174,199,1,10213
150.350102187,3,6,4,-3,2,-5,-1,1,1,165,250,184,19,53,236,181,12,-1,190,166,197,168,1,10214
150.361473084,4,5,4,2,-10,0,0,0,1,119,62,133,24,62,234,181,12,-1,173,188,162,199,1,10215
150.37115717,4,5,4,-7,19,8,0,-2,1,199,8,-22,21,77,224,181,12,-1,197,171,215,140,1,10216
150.400478125,5,5,4,4,9,5,1,-4,0,178,106,34,36,78,220,181,12,-1,169,196,177,179,1,10217
150.411033154,5,6,4,-3,12,3,0,-5,-1,-94,108,90,28,77,215,181,12,-1,191,172,190,168,1,10218
150.422008038,5,6,4,5,3,1,0,-3,-2,-86,-96,-66,33,69,203,181,12,-1,171,192,175,185,1,10219
150.450994015,6,6,4,-12,-7,4,0,0,-1,75,198,124,34,69,202,181,12,-1,205,159,165,192,1,10220
150.461968184,6,6,4,9,-4,-2,-1,5,1,-28,-56,35,36,65,195,181,12,-1,155,204,180,183,1,10221
150.472009182,7,6,4,-11,-12,-3,-1,8,3,23,97,49,32,61,192,181,12,-1,204,154,168,196,1,10222
150.500984192,7,6,4,7,-9,-8,-1,8,4,1,-55,118,32,64,188,181,12,-1,157,198,179,188,1,10223
150.512003184,7,6,4,-10,4,3,-1,5,4,133,-27,124,35,57,194,181,12,-1,204,160,194,164,1,10224
150.522973061,7,6,4,7,0,-14,-1,0,2,-38,93,77,35,60,194,181,12,-1,155,195,183,190,1,10225
150.552201987,8,6,4,-4,18,5,-1,-4,0,140,-255,52,39,56,199,181,12,-1,195,170,205,151,1,10226
150.563140154,8,7,4,0,2,-10,-1,-7,-3,-28,0,187,36,46,197,181,12,-1,173,180,174,195,1,10227
150.574025154,8,7,4,7,0,0,-1,-7,-5,-173,-20,125,32,45,190,181,12,-1,169,192,177,183,1,10228
150.603022099,8,7,4,-4,-7,1,0,-3,-5,142,61,205,42,42,200,181,12,-1,195,168,169,190,1,10229
150.613170147,8,7,4,0,-4,0,0,1,-5,-93,-131,0,34,42,197,181,12,-1,176,186,179,181,1,10230
150.624368191,8,7,4,0,-5,8,0,5,-4,35,-58,178,30,34,204,181,12,-1,183,184,172,182,1,10231
150.653326035,8,7,4,-10,-3,-6,0,6,-2,-236,-210,147,19,30,207,181,12,-1,194,162,182,184,1,10232
150.664113999,8,7,4,-8,9,1,0,4,0,222,207,27,25,36,214,181,12,-1,185,177,197,163,1,10233
150.674967051,8,7,4,-15,1,-1,0,0,1,-159,-50,120,15,38,217,181,12,-1,196,164,175,187,1,10234
150.704056979,8,7,4,17,9,-6,-1,-3,2,-3,237,72,19,42,220,181,12,-1,139,217,197,170,1,10235
150.715327978,8,7,4,0,1,-6,-3,-4,1,-183,-210,-2,14,33,210,181,12,-1,191,164,178,189,1,10236
150.725172043,8,7,4,14,2,-7,-5,-3,0,25,-120,112,16,27,201,181,12,-1,156,198,186,181,1,10237
150.754070998,8,7,4,0,-12,2,-5,0,-1,-35,-127,241,10,18,202,181,12,-1,193,169,159,200,1,10238
150.766707182,8,6,4,13,-2,-13,-3,2,-3,-104,-26,152,8,23,197,181,12,-1,156,194,193,179,1,10239
150.776128054,8,6,4,-3,-9,6,0,4,-5,-14,-31,70,6,13,202,181,12,-1,199,167,165,191,1,10240
150.805075169,8,6,4,9,1,-9,4,4,-6,76,71,229,9,25,201,181,12,-1,160,193,195,174,1,10241
150.816092015,8,6,3,-3,-2,-5,7,1,-6,-81,-68,144,9,20,196,181,12,-1,191,165,178,188,1,10242
150.82702303,8,6,3,-6,12,-3,8,-2,-5,94,8,142,10,18,201,181,12,-1,186,172,203,161,1,10243
150.85598898,8,6,3,-1,15,1,7,-4,-4,-165,-73,-18,3,18,193,181,12,-1,177,185,193,167,1,10244
150.866973162,8,6,4,0,2,8,5,-5,-3,-93,-80,52,1,12,186,181,12,-1,183,185,168,186,1,10245
150.877174139,8,6,4,7,4,0,1,-2,-3,73,96,-115,1,15,173,181,12,-1,170,191,185,176,1,10246
150.906159163,8,5,4,-4,-10,7,-1,1,-2,246,161,122,9,10,185,181,12,-1,197,170,158,197,1,10247
150.920552016,8,5,4,20,-5,0,-3,5,-1,63,106,-9,8,14,176,181,12,-1,146,215,180,181,1,10248
150.928155184,8,5,4,-4,-2,11,-2,8,0,156,1,11,9,22,175,181,12,-1,209,161,176,175,1,10249
150.956974984,8,5,4,0,-7,11,0,7,2,97,121,51,7,20,184,181,12,-1,181,189,167,185,1,10250
150.967226982,7,5,4,-16,5,-1,1,3,4,216,103,195,17,31,188,181,12,-1,205,155,196,166,1,10251
150.978152037,7,5,4,0,-2,-2,3,-1,5,-221,22,-26,11,28,182,181,12,-1,165,193,173,191,1,10252
151.007158995,7,5,4,-12,16,6,4,-5,6,62,131,144,24,39,189,181,12,-1,201,165,205,150,1,10253
151.018115998,8,5,4,7,-2,8,2,-6,6,-72,186,248,18,37,185,181,12,-1,162,206,159,195,1,10254
151.02846098,8,5,4,0,1,8,-1,-5,5,182,75,166,19,31,185,181,12,-1,192,176,182,172,1,10255
151.057037115,8,5,4,1,0,7,-4,-1,4,66,-3,133,16,18,196,181,12,-1,180,187,177,178,1,10256
151.067270995,8,5,4,-2,-7,5,-6,2,3,67,243,44,13,22,196,181,12,-1,188,177,166,190,1,10257
151.078982115,8,5,4,4,-1,-5,-5,4,3,47,-55,132,17,18,203,181,12,-1,169,187,187,178,1,10258
151.107198,7,5,4,-5,-1,-5,-3,5,4,-79,-76,197,17,18,210,181,12,-1,191,166,181,184,1,10259
151.11810112,8,5,4,9,7,10,0,3,5,-46,44,193,14,21,205,181,12,-1,166,204,189,163,1,10260
151.129070998,8,5,4,-9,0,6,1,0,5,-54,38,27,13,29,212,181,12,-1,205,160,170,186,1,10261
151.158105135,8,5,4,10,3,12,2,-1,3,-29,102,88,12,30,213,181,12,-1,162,209,181,170,1,10262
151.169249058,7,5,4,-8,-2,-1,2,-2,2,209,-6,165,17,24,214,181,12,-1,201,159,175,188,1,10263
151.178941012,7,5,4,6,2,-6,1,-2,2,-169,218,52,9,30,212,181,12,-1,162,194,188,178,1,10264
151.208218098,7,5,4,0,0,13,0,0,2,173,-58,27,15,27,217,181,12,-1,191,181,173,177,1,10265
151.219123125,8,5,4,14,-2,-10,0,1,3,-129,90,19,8,35,216,181,12,-1,154,198,180,189,1,10266
151.230408192,8,4,4,-3,-5,0,0,2,4,224,-133,138,14,38,215,181,12,-1,198,162,174,187,1,10267
151.259065152,8,4,4,10,1,-8,0,1,3,-224,80,58,13,41,213,181,12,-1,158,196,192,176,1,10268
151.270058155,8,4,4,-6,0,-1,2,0,2,120,26,47,12,40,203,181,12,-1,199,161,179,183,1,10269
151.280253172,8,4,4,8,8,-2,3,0,0,-71,-173,217,13,39,202,181,12,-1,161,198,194,169,1,10270
151.309158087,8,4,4,-7,8,-3,4,-1,-2,161,72,166,16,49,195,181,12,-1,197,161,188,176,1,10271
151.320093155,8,4,4,2,-1,4,4,-1,-3,-186,-157,73,17,50,193,181,12,-1,173,191,170,187,1,10272
151.331164122,8,4,4,-9,6,2,4,0,-4,214,136,140,17,48,196,181,12,-1,197,166,190,169,1,10273
151.360114098,8,4,4,5,-5,0,2,1,-4,-244,-226,208,15,44,198,181,12,-1,164,196,167,194,1,10274
151.371021033,8,4,4,-9,-4,0,0,3,-3,0,227,146,15,44,194,181,12,-1,199,162,178,183,1,10275
151.381072998,8,4,4,2,0,7,-1,4,-1,95,187,117,22,54,197,181,12,-1,172,195,180,174,1,10276
151.410137177,9,4,4,1,-7,4,-2,4,0,-74,43,75,20,58,196,181,12,-1,182,182,167,190,1,10277
151.421130181,9,4,4,0,8,-1,-3,2,2,62,137,69,22,64,192,181,12,-1,180,180,201,161,1,10278
151.432250023,9,4,4,5,0,-4,-3,0,3,-50,-79,11,23,63,195,181,12,-1,172,186,174,191,1,10279
151.461153031,9,5,4,4,3,-3,-1,-2,3,1,132,31,24,73,194,181,12,-1,177,181,188,176,1,10280
151.472110987,10,5,4,0,-4,6,0,-3,2,-246,-22,193,16,65,199,181,12,-1,185,181,169,187,1,10281
151.482434988,10,4,4,6,-7,0,1,-2,1,200,-68,120,23,65,198,181,12,-1,171,190,173,188,1,10282
151.511164189,10,5,4,-13,4,-2,2,-1,0,-201,-19,184,15,64,206,181,12,-1,206,154,195,168,1,10283
151.522093058,10,4,4,-1,-15,-12,3,0,0,-140,-188,99,16,61,209,181,12,-1,167,184,158,213,1,10284
151.533205033,10,4,4,-11,4,10,3,0,-1,89,209,141,21,68,218,181,12,-1,200,169,197,156,1,10285
151.562906027,11,4,4,9,3,10,1,0,-1,-134,7,146,15,66,224,181,12,-1,162,208,177,175,1,10286
151.573062182,11,4,4,-12,12,5,0,-1,-1,131,-26,69,13,61,216,181,12,-1,209,156,194,163,1,10287
151.583105088,11,4,4,9,-3,5,-3,-2,0,57,21,146,12,66,227,181,12,-1,158,208,163,194,1,10288
151.61223507,11,4,4,5,4,0,-4,-2,1,144,25,176,12,66,231,181,12,-1,180,181,190,171,1,10289
151.623156071,11,4,4,5,0,4,-4,0,3,144,51,228,13,65,235,181,12,-1,179,186,175,182,1,10290
151.634160042,11,4,4,4,-7,-2,-3,1,5,7,223,225,8,61,230,181,12,-1,178,182,169,193,1,10291
151.6629951,11,4,4,-1,-6,-5,0,3,6,-7,-37,127,13,53,240,181,12,-1,185,172,180,185,1,10292
151.675088168,11,4,4,-4,9,4,2,3,5,57,-94,104,7,41,232,181,12,-1,187,177,199,159,1,10293
151.685024977,11,4,4,-11,3,10,4,2,4,102,-72,174,11,35,237,181,12,-1,198,171,174,179,1,10294
151.713916064,11,4,5,-14,-5,8,5,0,2,-89,16,120,5,33,236,181,12,-1,196,172,166,188,1,10295
151.724294186,11,4,4,2,3,-2,3,-1,0,178,-9,120,7,40,235,181,12,-1,164,195,191,172,1,10296
151.735227108,11,4,4,-7,-3,0,0,-1,0,45,-203,52,7,28,236,181,12,-1,194,167,172,189,1,10297
151.764201165,11,4,4,20,7,2,-4,-1,1,83,0,23,8,36,233,181,12,-1,144,219,194,166,1,10298
151.776592017,11,4,4,9,-7,-3,-7,0,2,-126,61,125,6,40,231,181,12,-1,183,175,164,200,1,10299
151.786111117,11,4,4,-8,10,0,-7,0,3,153,173,181,12,43,231,181,12,-1,200,160,204,158,1,10300
151.815114022,11,4,4,-5,6,4,-5,1,3,23,-76,136,13,34,234,181,12,-1,184,181,179,178,1,10301
151.825314999,11,4,4,-6,4,-3,0,1,2,5,114,30,14,34,226,181,12,-1,184,174,184,180,1,10302
151.836119175,11,4,4,-7,6,9,3,1,0,-10,70,-25,9,42,221,181,12,-1,189,179,182,172,1,10303
151.865156174,11,4,4,-6,-5,7,4,2,0,187,-117,218,18,34,219,181,12,-1,187,180,164,191,1,10304
151.876644135,10,4,5,0,1,6,2,3,0,35,58,65,21,43,213,181,12,-1,178,188,186,170,1,10305
151.886999131,11,4,5,4,2,7,0,4,0,-26,181,104,23,45,209,181,12,-1,177,189,179,176,1,10306
151.916468144,11,4,5,-4,-5,6,-4,4,2,29,153,17,18,53,212,181,12,-1,194,173,168,188,1,10307
151.926231146,11,4,5,-1,0,9,-6,3,4,-112,-32,83,21,50,219,181,12,-1,183,186,182,171,1,10308
151.937026024,11,4,5,12,0,-6,-6,1,6,38,-57,238,19,48,224,181,12,-1,158,198,182,184,1,10309
151.966087103,11,4,5,-12,3,1,-4,0,8,16,-115,161,21,49,223,181,12,-1,210,152,185,174,1,10310
151.977402211,11,4,5,0,-10,-9,-1,-1,7,-226,14,-6,12,41,218,181,12,-1,167,186,166,203,1,10311
151.987974167,11,4,5,-13,3,0,0,-1,6,28,-3,28,23,45,224,181,12,-1,200,161,194,167,1,10312
152.017091036,11,4,5,2,-1,0,1,-1,3,-21,-49,98,11,40,223,181,12,-1,166,195,176,185,1,10313
152.028356076,10,4,5,-18,1,5,0,-1,0,215,-73,151,23,44,221,181,12,-1,211,154,182,175,1,10314
152.038099051,10,4,5,8,0,3,-1,-1,-2,-194,241,128,18,45,227,181,12,-1,154,210,177,181,1,10315
152.067012072,10,4,5,4,8,-2,-4,0,-3,97,-108,88,18,37,227,181,12,-1,180,179,194,169,1,10316
152.078145981,11,4,5,16,10,-4,-6,0,-3,-98,42,156,17,37,229,181,12,-1,158,199,191,174,1,10317
152.089086056,11,4,5,1,0,-5,-6,0,-1,92,-73,-52,18,32,225,181,12,-1,190,166,174,191,1,10318
152.117968083,10,4,5,0,5,-2,-4,1,0,-36,63,112,18,35,222,181,12,-1,180,178,190,173,1,10319
152.129040003,10,4,4,-5,-1,-5,0,3,1,-178,90,1,14,41,214,181,12,-1,187,170,176,190,1,10320
152.139083147,10,4,4,-11,1,5,3,4,0,176,118,-23,24,51,203,181,12,-1,195,171,182,174,1,10321
152.168307066,10,4,4,-4,1,5,6,5,-1,156,208,228,23,58,212,181,12,-1,180,185,179,178,1,10322
152.17911911,10,4,4,-3,3,0,5,4,-2,69,2,-137,30,65,197,181,12,-1,181,180,185,176,1,10323
152.190134049,11,4,4,-7,-3,8,2,3,-3,23,229,193,34,75,206,181,12,-1,193,175,169,185,1,10324
152.219141007,11,4,5,12,0,7,-2,2,-2,-214,-217,-116,27,64,193,181,12,-1,158,209,181,174,1,10325
152.230384112,11,5,4,-9,2,-8,-5,0,0,42,-145,148,31,61,200,181,12,-1,201,153,188,180,1,10326
152.241100073,11,5,4,19,-2,-7,-7,0,2,-160,27,32,24,62,199,181,12,-1,141,214,177,190,1,10327
152.270017147,11,5,4,0,5,0,-6,0,4,162,83,176,26,57,193,181,12,-1,198,163,191,171,1,10328
152.280029059,12,5,4,8,-10,-2,-3,0,4,-117,-234,69,20,44,184,181,12,-1,166,193,161,202,1,10329
152.291184187,12,5,4,-5,14,6,0,0,2,39,-7,226,23,43,178,181,12,-1,199,168,208,148,1,10330
152.320014,12,5,4,2,0,4,4,0,0,-102,-9,154,21,37,176,181,12,-1,174,190,168,190,1,10331
152.331466198,11,5,4,-11,3,1,6,0,-2,114,6,-8,24,44,166,181,12,-1,201,162,184,175,1,10332
152.342082024,12,5,4,4,4,0,6,0,-2,-56,-179,45,21,42,171,181,12,-1,165,197,184,176,1,10333
152.371057034,12,5,4,-9,-7,0,4,1,-1,216,206,119,24,49,163,181,12,-1,198,163,165,195,1,10334
152.38103199,12,5,4,19,0,0,1,2,0,-74,176,153,24,53,164,181,12,-1,144,217,188,173,1,10335
152.392855168,12,5,4,0,-5,-5,-2,2,2,54,15,166,21,60,165,181,12,-1,193,164,174,191,1,10336
152.421121121,13,5,4,5,3,5,-3,2,3,-180,227,-90,15,71,162,181,12,-1,175,190,188,169,1,10337
152.43238616,13,5,5,-13,0,9,-2,1,2,3,139,-24,13,68,154,181,12,-1,208,160,175,179,1,10338
152.442898035,13,5,5,0,0,4,0,0,1,114,107,107,19,69,153,181,12,-1,171,193,178,179,1,10339
152.472110987,13,5,5,-4,15,8,1,-1,0,128,134,85,19,62,157,181,12,-1,191,177,200,153,1,10340
152.482390166,13,5,5,0,-10,1,3,-1,0,49,-13,13,19,63,148,181,12,-1,178,184,150,209,1,10341
152.493143082,14,5,5,-4,15,1,2,0,2,-107,162,80,17,65,156,181,12,-1,188,174,212,148,1,10342
152.522024155,14,5,5,-4,-10,0,0,0,3,6,-131,39,17,60,157,181,12,-1,183,177,153,209,1,10343
152.532968045,14,5,5,-4,0,0,-2,2,5,35,39,189,13,64,157,181,12,-1,184,177,187,173,1,10344
152.544054032,14,5,5,8,-8,-7,-4,3,5,12,-45,180,6,55,159,181,12,-1,161,194,171,196,1,10345
152.573099137,14,5,5,-12,0,-6,-5,3,4,1,173,48,7,54,164,181,12,-1,203,153,189,177,1,10346
152.584104061,15,5,5,4,0,-2,-4,1,2,-59,57,214,5,52,163,181,12,-1,163,196,183,180,1,10347
152.594083071,15,5,5,-8,3,1,-3,0,0,59,-61,216,15,51,160,181,12,-1,198,165,184,175,1,10348
152.623172045,15,5,5,9,9,-4,-2,-2,-3,-76,-140,103,6,49,156,181,12,-1,157,200,194,171,1,10349
152.64015913,14,5,4,-14,6,-2,-1,-3,-4,58,149,81,14,56,154,181,12,-1,210,149,183,180,1,10350
152.645054102,15,5,4,8,5,0,0,-2,-5,-139,-181,144,16,51,158,181,12,-1,155,206,184,178,1,10351
152.674127102,15,5,4,-4,-2,-3,0,0,-4,-82,-208,19,7,46,158,181,12,-1,193,165,173,191,1,10352
152.685144186,15,5,5,9,-1,5,-1,2,-3,-198,-16,211,9,47,154,181,12,-1,164,201,178,178,1,10353
152.695096016,15,5,5,-6,-16,-2,-1,5,-1,-9,66,189,3,50,162,181,12,-1,197,162,158,205,1,10354
152.724112988,15,4,5,5,3,-6,-1,5,0,142,-26,24,11,43,159,181,12,-1,165,191,202,164,1,10355
152.735050202,15,4,5,-5,1,1,0,4,0,-14,-185,55,9,41,165,181,12,-1,194,168,179,181,1,10356
152.74625516,15,4,5,-5,10,-5,0,0,0,129,-2,59,14,40,162,181,12,-1,182,174,197,168,1,10357
152.774937153,15,4,5,-4,13,1,0,-2,0,-18,-118,15,11,39,170,181,12,-1,182,180,191,169,1,10358
152.785911084,15,5,5,4,6,2,0,-4,-1,95,-148,-53,15,34,166,181,12,-1,171,192,178,181,1,10359
152.797017098,15,5,5,-7,7,3,0,-2,-1,62,14,58,21,26,174,181,12,-1,197,167,186,173,1,10360
152.8261652,15,5,5,13,-12,5,-1,0,-1,-89,-8,87,14,16,183,181,12,-1,157,209,154,203,1,10361
152.836242199,14,4,5,-8,-7,-2,-2,4,-1,-10,-3,214,10,11,177,181,12,-1,203,156,180,183,1,10362
152.847093106,14,4,5,16,-11,2,-2,7,0,44,-43,169,9,3,191,181,12,-1,150,213,169,190,1,10363
152.876337052,13,4,5,-3,-8,0,-1,7,1,55,205,105,10,3,182,181,12,-1,201,161,177,184,1,10364
152.887037039,13,4,4,4,7,-7,0,4,2,-151,50,107,12,9,188,181,12,-1,168,187,202,165,1,10365
152.897964001,13,4,4,-4,8,2,2,-1,2,128,-233,153,14,7,181,181,12,-1,191,172,186,174,1,10366
152.927217007,12,4,4,-1,7,-8,3,-5,2,-166,21,247,14,7,187,181,12,-1,176,177,188,180,1,10367
152.937270165,12,4,5,-16,0,9,4,-7,0,26,-122,243,10,2,188,181,12,-1,207,161,171,183,1,10368
152.948361159,11,4,5,5,-1,-3,3,-6,0,14,202,44,14,13,188,181,12,-1,157,201,180,184,1,10369
152.97713399,11,4,5,-9,-1,0,0,-2,-2,94,189,18,9,18,189,181,12,-1,200,161,179,181,1,10370
152.988378048,11,4,5,7,-7,0,-2,2,-2,-185,-92,235,7,16,191,181,12,-1,161,200,170,191,1,10371
152.999033213,11,4,5,-3,-2,6,-4,5,-1,207,3,166,9,22,202,181,12,-1,195,171,181,176,1,10372
153.028052092,11,4,5,6,-1,1,-5,5,0,-90,-230,132,8,21,198,181,12,-1,169,194,179,180,1,10373
153.038244009,10,4,5,-12,6,16,-5,2,0,-103,133,203,0,25,206,181,12,-1,211,163,185,163,1,10374
153.049068213,10,4,5,3,-1,3,-3,0,1,82,-243,-144,4,15,199,181,12,-1,166,198,172,186,1,10375
153.078170061,10,4,5,-5,3,8,-1,-3,3,28,91,170,3,10,199,181,12,-1,195,173,184,170,1,10376
153.089097023,10,4,5,6,5,8,0,-4,5,-37,57,-137,7,6,197,181,12,-1,169,199,182,172,1,10377
153.100084067,10,4,5,-1,0,4,0,-2,6,84,221,144,9,8,208,181,12,-1,190,174,174,184,1,10378
153.129067183,9,4,5,0,-5,3,0,0,7,-154,-35,146,2,4,209,181,12,-1,181,183,171,187,1,10379
153.13922,9,4,5,0,0,-7,0,1,8,-194,-20,179,-5,0,205,181,12,-1,177,177,189,179,1,10380
153.150322199,9,3,5,10,-8,-12,0,3,7,19,-142,-142,-6,-2,201,181,12,-1,160,191,173,198,1,10381
153.179189206,9,3,5,-14,-4,-7,0,3,6,95,-75,139,-1,-14,196,181,12,-1,208,147,183,183,1,10382
153.191858054,8,3,5,9,0,-13,0,1,3,-80,-105,122,-3,-13,205,181,12,-1,149,201,190,182,1,10383
153.201153994,8,3,5,-13,2,-2,0,-1,-1,64,-219,22,-2,-20,207,181,12,-1,208,151,185,177,1,10384
153.230085135,8,3,5,9,4,-4,1,-3,-5,-189,41,250,-7,-18,209,181,12,-1,153,205,187,178,1,10385
153.241059065,7,3,5,-15,11,9,0,-4,-9,122,-81,228,-4,-24,207,181,12,-1,215,154,190,164,1,10386
153.252072096,6,3,5,2,0,5,0,-3,-10,-114,176,61,-5,-21,209,181,12,-1,166,200,169,188,1,10387
153.281008005,6,3,5,3,0,6,-1,-1,-9,88,245,58,-5,-13,212,181,12,-1,180,186,178,177,1,10388
153.291610003,6,3,5,9,4,-5,-2,1,-5,140,182,178,6,0,220,181,12,-1,168,189,190,176,1,10389
153.301978112,6,3,5,6,4,6,-3,4,-1,26,-107,144,0,-5,222,181,12,-1,181,185,180,176,1,10390
153.331017018,6,2,5,5,-2,-2,-2,5,3,-200,-131,20,-2,-4,225,181,12,-1,176,182,174,189,1,10391
153.342159987,5,2,5,0,6,7,0,5,5,49,-1,237,1,0,224,181,12,-1,187,180,189,166,1,10392
153.352982998,5,2,5,-4,-2,5,2,4,6,52,208,81,7,6,227,181,12,-1,191,175,169,187,1,10393
153.382016182,5,2,5,-11,2,5,4,3,5,33,205,216,8,9,228,181,12,-1,196,170,185,172,1,10394
153.393264056,5,2,5,-6,-4,0,5,1,3,32,138,138,12,13,231,181,12,-1,181,180,172,190,1,10395
153.404350043,5,2,5,-8,-1,-3,4,0,2,-117,73,43,9,20,230,181,12,-1,187,172,184,180,1,10396
153.432259083,5,2,5,5,-7,1,0,0,2,233,-191,63,12,15,237,181,12,-1,165,197,169,191,1,10397
153.443272114,5,2,5,-3,-2,5,-3,0,2,-133,100,77,9,20,232,181,12,-1,192,173,181,176,1,10398
153.454364062,5,2,5,5,0,3,-6,-1,2,114,-112,210,9,21,239,181,12,-1,171,193,181,178,1,10399
153.483075142,5,2,5,-3,1,-3,-7,-1,2,-187,-90,222,3,12,236,181,12,-1,189,169,184,179,1,10400
153.494037152,5,2,5,8,5,1,-6,-2,1,70,71,176,7,14,232,181,12,-1,166,197,187,173,1,10401
153.505072117,5,2,5,-8,0,7,-3,-3,1,-26,-127,19,0,5,234,181,12,-1,203,163,172,183,1,10402
153.534082175,5,2,5,7,3,0,0,-2,1,-225,80,68,-5,8,231,181,12,-1,162,199,186,175,1,10403
153.544877053,4,2,5,-2,4,0,1,-1,1,-202,17,219,-12,3,234,181,12,-1,191,170,185,176,1,10404
153.555222035,4,2,5,0,-1,-2,3,0,1,34,90,173,-7,4,242,181,12,-1,178,181,176,187,1,10405
153.584109068,4,2,5,0,-5,0,2,2,1,-80,-71,72,-12,8,240,181,12,-1,180,181,173,188,1,10406
153.595072985,4,2,5,0,2,2,1,3,1,-38,-160,131,-9,4,237,181,12,-1,181,183,187,171,1,10407
153.60622406,4,2,5,1,-3,-5,0,2,1,-66,-194,137,-12,2,234,181,12,-1,176,180,176,190,1,10408
153.635185004,4,1,5,0,1,-8,0,1,0,38,-66,105,-11,-10,236,181,12,-1,178,176,189,179,1,10409
153.645328045,4,1,5,10,-5,-1,0,0,0,-102,-95,138,-16,-17,239,181,12,-1,165,195,172,191,1,10410
153.656450034,4,1,5,-15,-2,-2,0,-1,-1,34,-168,103,-10,-19,236,181,12,-1,211,148,182,182,1,10411
153.685128212,3,1,5,12,3,-2,0,-2,-2,-22,125,177,-16,-23,236,181,12,-1,148,211,189,174,1,10412
153.696195126,3,0,5,-18,-9,3,1,-2,-3,131,-111,143,-4,-20,243,181,12,-1,219,145,162,196,1,10413
153.707079172,2,0,5,8,12,-3,1,-2,-4,-133,60,230,-5,-28,237,181,12,-1,152,206,209,155,1,10414
153.736028195,2,0,5,0,-2,-4,0,-2,-4,3,-20,125,-1,-22,250,181,12,-1,184,173,167,197,1,10415
153.747075081,2,0,5,5,5,3,0,-1,-3,85,118,143,0,-15,243,181,12,-1,174,190,189,169,1,10416
153.75713706,2,0,5,-4,2,4,-1,0,-1,168,-133,94,5,-20,255,181,12,-1,193,171,179,178,1,10417
153.786256075,2,0,5,-5,-5,-5,-1,0,0,-167,71,157,0,-24,249,181,12,-1,183,173,172,194,1,10418
153.7970891,1,0,6,-5,0,14,-1,1,0,-176,-62,31,-1,-24,246,181,12,-1,189,183,180,169,1,10419
153.808187008,1,0,6,2,-3,-3,0,2,0,37,-76,32,4,-26,249,181,12,-1,171,187,177,187,1,10420
153.83713317,1,0,6,-18,1,5,0,2,1,230,190,199,9,-17,8,181,12,-1,212,153,183,174,1,10421
153.848235131,1,0,6,7,2,7,0,1,1,-37,145,142,6,-6,14,181,12,-1,157,210,180,175,1,10422
153.858884096,1,1,6,-8,6,-4,-2,0,2,97,135,139,10,0,15,181,12,-1,198,159,189,175,1,10423
153.888087988,1,1,6,16,2,3,-3,0,3,-84,-117,40,7,2,15,181,12,-1,151,213,177,181,1,10424
153.898583174,1,1,6,-3,4,-6,-4,0,3,-38,-113,50,11,-1,10,181,12,-1,197,159,188,178,1,10425
153.909305096,1,1,6,3,-12,-4,-4,0,3,-11,24,120,7,1,8,181,12,-1,171,186,160,205,1,10426
153.938004017,1,1,6,2,3,-5,-2,1,2,64,-91,76,12,-5,8,181,12,-1,178,179,198,167,1,10427
153.949324131,1,1,6,4,-4,-1,0,2,0,-220,52,248,-1,-10,6,181,12,-1,175,185,172,190,1,10428
153.962996006,0,1,6,-3,0,0,2,2,-1,6,-42,179,-5,-28,6,181,12,-1,189,172,185,176,1,10429
153.989111185,0,1,6,4,8,-8,3,1,-3,-101,182,43,-8,-21,4,181,12,-1,168,186,196,172,1,10430
154.000066042,0,1,6,-1,8,6,4,0,-4,-173,-147,67,-7,-21,255,181,12,-1,190,177,183,173,1,10431
154.010154009,0,1,6,11,7,-3,3,-1,-4,108,87,207,-6,-19,254,181,12,-1,160,198,186,178,1,10432
154.039202214,0,1,6,-12,0,0,2,0,-4,-21,-61,194,-8,-26,250,181,12,-1,209,152,176,185,1,10433
154.050450087,0,0,6,5,-2,2,1,1,-3,110,93,55,-6,-29,246,181,12,-1,163,200,175,184,1,10434
154.061103106,0,0,6,-1,-9,-2,0,3,-1,16,-83,133,-13,-34,240,181,12,-1,187,172,169,194,1,10435
154.090228081,0,0,6,-1,-10,-7,0,5,0,-74,-242,152,-12,-42,242,181,12,-1,178,178,175,192,1,10436
154.101549149,0,0,6,-14,3,3,0,4,0,-41,-39,38,-18,-38,235,181,12,-1,203,161,193,165,1,10437
154.112086058,-1,0,6,4,-9,0,0,2,0,39,131,202,-14,-37,245,181,12,-1,162,199,164,197,1,10438
154.141024113,-1,0,6,0,12,4,-1,-1,0,-217,-113,98,-22,-38,242,181,12,-1,185,180,205,152,1,10439
154.151211024,-1,0,5,0,0,-14,-2,-4,0,-4,-130,208,-18,-32,248,181,12,-1,174,175,176,197,1,10440
154.162280083,-1,0,5,7,10,-3,-2,-6,-1,-185,-3,39,-24,-34,245,181,12,-1,169,189,198,166,1,10441
154.191053152,-1,0,5,-3,-6,-2,-3,-5,-1,110,-117,241,-14,-27,250,181,12,-1,190,168,163,200,1,10442
154.20226717,-2,0,5,-1,5,2,-2,-2,-2,23,-70,43,-8,-31,250,181,12,-1,182,182,193,165,1,10443
154.213021994,-2,0,5,4,-9,2,0,1,-2,194,-79,200,1,-34,0,181,12,-1,173,190,161,198,1,10444
154.242025137,-2,0,5,-7,-7,-2,0,3,-3,-117,-204,137,-2,-41,248,181,12,-1,194,165,178,185,1,10445
154.253336192,-2,0,6,-5,-1,3,1,4,-3,75,244,70,1,-33,255,181,12,-1,183,180,183,176,1,10446
154.26395917,-2,0,6,-15,0,0,1,3,-2,-84,-129,-1,-6,-32,251,181,12,-1,200,162,180,180,1,10447
154.292929173,-2,0,6,16,6,-3,0,0,-1,213,10,223,0,-21,254,181,12,-1,142,217,192,172,1,10448
154.303292036,-2,0,5,6,4,-6,-1,-3,0,-13,235,98,-6,-7,4,181,12,-1,182,174,185,181,1,10449
154.314221144,-2,0,5,-10,11,5,-3,-4,1,177,151,128,0,-1,3,181,12,-1,204,161,191,166,1,10450
154.343147993,-2,0,5,5,-5,1,-3,-4,1,-74,-9,104,-2,2,10,181,12,-1,164,198,162,198,1,10451
154.355838061,-2,0,5,-2,-7,-10,-2,-1,0,40,176,0,5,4,5,181,12,-1,185,167,179,191,1,10452
154.365010023,-2,0,5,6,-2,-1,-1,1,0,-63,-148,4,-5,-3,2,181,12,-1,169,191,183,179,1,10453
154.394093037,-2,0,5,4,-6,-15,0,3,-1,151,16,87,1,-4,5,181,12,-1,173,175,179,195,1,10454
154.405103207,-2,0,5,6,-12,-6,2,3,-2,-179,-52,188,-9,-11,0,181,12,-1,172,184,170,197,1,10455
154.414944172,-2,0,5,3,10,-1,2,1,-3,23,-183,90,-11,-25,5,181,12,-1,179,181,208,155,1,10456
154.444047213,-2,0,5,0,11,-1,3,-1,-5,-64,-10,1,-17,-22,252,181,12,-1,182,177,190,172,1,10457
154.455159188,-2,0,5,-1,4,1,3,-4,-6,-151,-239,-62,-16,-30,247,181,12,-1,184,178,176,184,1,10458
154.466114045,-2,0,5,3,13,-2,3,-5,-7,67,58,200,-10,-27,251,181,12,-1,173,186,198,165,1,10459
154.494995118,-2,0,5,-9,-6,3,3,-3,-6,7,-78,186,-11,-27,249,181,12,-1,199,165,159,199,1,10460
154.508360148,-2,0,5,5,-3,0,2,0,-4,68,-183,62,-15,-36,239,181,12,-1,164,196,181,180,1,10461
154.516988039,-3,0,5,-8,-3,2,1,4,-2,185,-11,135,-9,-40,239,181,12,-1,199,164,177,183,1,10462
154.546496153,-3,-1,5,7,-9,1,0,7,0,-234,-25,134,-18,-44,232,181,12,-1,162,200,168,192,1,10463
154.557064057,-3,-1,5,-6,0,0,-1,6,1,-183,9,161,-20,-34,235,181,12,-1,197,164,189,172,1,10464
154.568435192,-3,-1,5,12,-10,-9,-2,3,2,-25,65,174,-20,-30,238,181,12,-1,152,201,169,200,1,10465
154.596220017,-3,-1,5,-6,15,12,-2,0,2,115,180,217,-17,-26,241,181,12,-1,206,165,208,143,1,10466
154.608195067,-3,-1,5,0,5,-6,-1,-4,1,-77,42,164,-20,-23,236,181,12,-1,171,185,178,188,1,10467
154.618264199,-3,-1,5,-5,9,10,0,-6,0,166,223,220,-11,-18,236,181,12,-1,193,176,186,167,1,10468
154.646968127,-3,-1,5,6,8,9,0,-5,0,-91,-94,166,-13,-13,229,181,12,-1,170,198,182,172,1,10469
154.658093214,-3,-1,5,-2,-4,-2,1,-1,0,136,-236,7,-7,-24,234,181,12,-1,189,170,168,195,1,10470
154.668992043,-3,-1,5,3,0,3,1,3,0,-38,217,161,-4,-15,243,181,12,-1,174,189,182,177,1,10471
154.698001147,-3,-1,5,-4,-2,0,0,6,2,59,57,141,-5,-15,248,181,12,-1,190,171,177,184,1,10472
154.708507061,-3,-1,5,8,0,0,0,8,4,218,-43,212,0,-15,255,181,12,-1,165,196,184,178,1,10473
154.718965054,-3,-1,5,-3,0,-1,0,7,4,-143,-81,138,-5,-19,250,181,12,-1,192,168,181,182,1,10474
154.748214007,-3,-1,5,3,3,-2,0,4,3,227,-14,106,0,-18,0,181,12,-1,171,188,187,176,1,10475
154.759663105,-3,-1,5,-7,9,-4,0,0,2,-147,-116,-48,-2,-14,245,181,12,-1,193,165,193,172,1,10476
154.770066977,-3,-1,5,6,-1,1,1,-1,0,194,-94,44,3,-16,251,181,12,-1,165,197,170,190,1,10477
154.799017191,-3,-1,5,-6,3,5,1,-2,-1,-171,118,247,-1,-16,246,181,12,-1,197,168,186,171,1,10478
154.810027123,-4,-1,5,-5,-3,8,0,0,-2,18,23,126,10,-13,247,181,12,-1,187,181,169,186,1,10479
154.820511103,-4,-1,5,1,0,1,0,1,-2,-162,-15,34,6,-10,242,181,12,-1,174,188,183,178,1,10480
154.849165202,-4,-1,5,-2,-2,4,0,3,-1,106,-41,160,13,-17,245,181,12,-1,187,178,175,182,1,10481
154.860409022,-4,0,5,-1,-3,11,-1,3,0,44,67,141,12,-13,243,181,12,-1,186,185,172,179,1,10482
154.871162176,-3,0,5,8,0,1,-2,2,3,-174,-10,7,7,-11,242,181,12,-1,168,195,183,176,1,10483
154.900135041,-3,0,5,-12,0,5,-2,0,5,106,87,178,5,-7,241,181,12,-1,208,157,177,180,1,10484
154.911003113,-3,0,5,0,-6,6,-2,-1,6,170,11,99,12,-1,247,181,12,-1,172,194,169,187,1,10485
154.922011137,-3,0,5,-3,12,1,-1,-2,6,29,-26,58,11,-8,240,181,12,-1,187,175,204,155,1,10486
154.950208187,-3,0,5,-2,0,-3,-1,-3,6,113,189,185,22,0,245,181,12,-1,179,178,171,194,1,10487
154.961280108,-3,0,5,-1,-2,-8,-1,-2,5,-104,155,89,14,-3,242,181,12,-1,177,177,180,187,1,10488
154.972132206,-3,0,5,0,0,-6,-1,-1,4,35,15,217,22,-9,238,181,12,-1,177,179,186,181,1,10489
155.001163006,-3,0,5,2,-7,-1,-2,0,2,-202,17,41,12,-12,236,181,12,-1,177,183,169,193,1,10490
155.012808085,-3,0,5,-9,1,-8,-2,1,0,217,-76,35,20,-20,228,181,12,-1,194,161,193,175,1,10491
155.023016215,-3,0,5,1,2,0,-2,1,-3,-162,165,173,8,-20,232,181,12,-1,171,191,182,179,1,10492
155.051993132,-3,0,5,3,-6,0,-2,0,-5,186,112,80,14,-7,234,181,12,-1,176,185,169,192,1,10493
155.062128067,-3,0,5,8,0,0,-1,0,-6,-217,116,146,5,-5,229,181,12,-1,172,190,186,174,1,10494
155.073009014,-3,0,5,-10,1,4,-1,-1,-5,181,181,148,14,6,234,181,12,-1,205,159,180,177,1,10495
155.102142096,-3,0,5,0,4,0,0,-2,-4,-2,-138,11,7,8,226,181,12,-1,170,190,187,175,1,10496
155.113006115,-3,0,5,-10,-9,-9,0,-2,-1,-89,-92,75,6,5,234,181,12,-1,192,161,167,202,1,10497
155.1246171,-3,0,5,1,3,-2,0,-1,0,-19,-4,146,10,11,240,181,12,-1,169,190,194,169,1,10498
155.152957201,-3,0,5,-6,-6,0,0,0,1,211,-46,219,13,9,246,181,12,-1,191,170,168,193,1,10499
155.163094998,-2,0,5,13,-5,1,-1,0,1,100,173,232,16,15,254,181,12,-1,155,207,177,183,1,10500
155.174231053,-2,0,5,-13,2,4,-2,0,0,230,211,0,20,25,3,181,12,-1,214,150,188,170,1,10501
155.20320201,-2,0,5,14,4,-8,-3,0,-1,62,91,33,17,27,250,181,12,-1,144,209,188,180,1,10502
155.214272023,-2,0,5,-15,8,4,-3,-1,-2,-135,202,156,19,33,250,181,12,-1,217,147,189,169,1,10503
155.22499013,-2,0,5,7,-4,-2,-1,-2,-2,-63,93,77,22,29,248,181,12,-1,155,204,167,196,1,10504
155.254129172,-1,1,5,-6,-6,14,0,-1,-1,201,239,63,28,33,252,181,12,-1,203,170,169,181,1,10505
155.264245987,-1,1,5,7,-4,-10,0,0,0,96,83,171,27,37,1,181,12,-1,160,193,183,186,1,10506
155.274991036,-1,1,5,2,0,5,0,0,0,125,16,127,32,43,7,181,12,-1,185,180,183,174,1,10507
155.304025174,0,1,5,2,0,-3,0,1,1,-91,249,185,26,44,12,181,12,-1,178,181,182,181,1,10508
155.315137148,0,1,5,-2,2,5,0,0,2,-131,24,-24,25,47,7,181,12,-1,189,177,182,174,1,10509
155.326043129,0,1,5,0,-2,0,0,0,2,64,1,231,29,59,13,181,12,-1,179,181,175,187,1,10510
155.354940176,0,1,5,-16,7,0,0,-1,1,-139,87,87,27,56,5,181,12,-1,205,156,195,167,1,10511
155.365985155,0,1,5,7,-2,-4,0,-2,1,106,-73,213,28,52,7,181,12,-1,153,204,172,193,1,10512
155.37620306,0,2,5,-10,-3,-1,0,-1,0,-122,25,1,20,54,251,181,12,-1,202,158,178,185,1,10513
155.405162096,1,2,5,9,0,3,-1,0,0,107,-3,85,26,56,0,181,12,-1,159,205,183,175,1,10514
155.416230202,1,2,5,1,-4,3,-2,1,0,-178,-213,-51,16,51,246,181,12,-1,188,176,171,187,1,10515
155.427080155,2,2,5,3,4,8,-3,1,0,255,223,34,26,60,254,181,12,-1,180,188,188,167,1,10516
155.456583023,2,2,5,10,2,-2,-3,0,0,-70,-22,38,19,61,248,181,12,-1,167,192,181,181,1,10517
155.467967987,2,2,5,8,9,-2,-1,0,0,214,63,240,29,66,247,181,12,-1,175,183,193,170,1,10518
155.476944208,3,2,5,-1,4,7,1,0,1,21,-221,178,23,60,249,181,12,-1,193,174,176,179,1,10519
155.506299019,3,2,5,4,1,-9,4,0,2,117,239,102,30,67,250,181,12,-1,169,185,184,185,1,10520
155.524211169,3,2,5,-2,-5,2,6,0,2,-16,-175,119,26,70,249,181,12,-1,190,173,170,189,1,10521
155.528027058,4,2,5,-1,-2,-1,7,2,2,8,58,197,26,70,244,181,12,-1,180,180,181,181,1,10522
155.557072163,4,2,5,0,-7,2,6,3,1,-1,-3,109,30,63,241,181,12,-1,181,181,171,189,1,10523
155.568184138,4,3,5,-7,0,9,4,3,0,69,-99,12,29,59,236,181,12,-1,194,174,182,171,1,10524
155.578234196,5,3,5,3,1,2,1,1,0,-14,39,97,24,66,230,181,12,-1,171,192,183,176,1,10525
155.607198,5,3,5,-9,5,4,-1,0,0,57,-187,132,31,62,238,181,12,-1,199,166,186,172,1,10526
155.617992163,5,3,5,5,2,3,-2,-2,0,164,235,129,33,63,243,181,12,-1,167,198,178,180,1,10527
155.629122019,5,3,5,-14,4,9,-3,-3,2,172,-113,10,40,56,248,181,12,-1,210,159,182,172,1,10528
155.658113003,6,3,5,5,-1,3,-4,-2,3,-169,89,5,34,64,249,181,12,-1,161,203,173,185,1,10529
155.669589043,6,3,5,-14,-3,0,-3,0,5,120,-92,78,43,62,243,181,12,-1,207,154,176,185,1,10530
155.680033207,6,3,5,15,4,-11,-3,1,6,40,121,172,38,73,253,181,12,-1,140,212,195,175,1,10531
155.709251166,6,4,5,5,0,1,-3,3,5,2,-159,31,42,65,249,181,12,-1,186,177,177,182,1,10532
155.719077111,7,4,5,7,1,-2,-2,3,4,-45,234,0,36,68,241,181,12,-1,173,186,183,180,1,10533
155.729999066,7,4,5,1,8,5,-1,2,2,92,31,32,44,66,245,181,12,-1,188,178,190,167,1,10534
155.759227038,7,4,5,10,-8,-5,0,1,0,-218,-17,3,34,61,241,181,12,-1,164,193,162,203,1,10535
155.770147086,7,4,5,-5,3,8,3,0,-2,-29,189,152,40,69,244,181,12,-1,201,167,189,165,1,10536
155.781263113,7,4,5,6,-8,0,5,0,-2,82,38,118,44,72,246,181,12,-1,166,194,165,197,1,10537
155.810177088,8,4,5,-13,-3,-1,6,0,-2,4,-21,154,45,72,252,181,12,-1,204,155,183,179,1,10538
155.820900202,8,5,5,10,-1,1,6,0,0,-86,248,140,37,79,250,181,12,-1,154,208,181,178,1,10539
155.830989123,8,5,5,-12,2,0,4,0,0,100,-198,182,37,70,243,181,12,-1,209,153,185,176,1,10540
155.86045909,9,5,5,16,7,0,1,-1,2,-125,-190,73,28,60,244,181,12,-1,146,215,190,171,1,10541
155.871311188,8,5,5,-18,-4,0,0,-2,2,3,-116,-55,27,55,242,181,12,-1,220,140,168,194,1,10542
155.884526015,9,5,5,12,8,4,-2,-2,1,13,123,249,31,53,244,181,12,-1,148,217,195,163,1,10543
155.91118908,9,5,5,-5,-3,7,-2,-1,0,-40,-153,-40,31,47,235,181,12,-1,203,164,165,191,1,10544
155.92211318,9,5,5,14,-11,-1,-2,0,0,95,-152,76,29,37,235,181,12,-1,153,207,168,195,1,10545
155.933021069,9,5,5,0,0,-5,0,1,0,-15,171,44,26,33,232,181,12,-1,191,165,190,175,1,10546
155.962100983,9,5,5,9,4,-9,0,2,0,-111,148,101,20,30,225,181,12,-1,162,191,192,177,1,10547
155.972956181,9,5,6,-6,1,11,2,1,1,3,40,26,29,31,221,181,12,-1,203,167,175,177,1,10548
155.984596014,9,5,6,0,5,-1,3,0,1,-154,14,62,28,30,223,181,12,-1,175,184,188,175,1,10549
156.012229205,9,5,6,-8,-2,5,4,-1,0,102,88,190,23,26,216,181,12,-1,194,172,170,186,1,10550
156.023130179,9,5,5,16,5,-7,4,-1,0,97,158,28,29,28,215,181,12,-1,147,209,194,173,1,10551
156.034010172,9,5,5,-6,-6,1,2,0,0,-2,106,199,26,32,214,181,12,-1,204,158,166,194,1,10552
156.063104153,9,5,5,18,-3,9,1,0,0,-53,-88,77,28,30,222,181,12,-1,152,217,176,178,1,10553
156.074045182,9,5,6,-14,-4,14,0,1,0,214,115,180,30,39,225,181,12,-1,220,151,171,178,1,10554
156.08434105,9,5,6,2,-10,3,0,1,1,-55,30,218,33,45,232,181,12,-1,167,197,168,191,1,10555
156.113277197,9,5,6,-6,12,2,0,0,2,182,-74,31,32,38,231,181,12,-1,193,170,207,152,1,10556
156.124215126,9,5,6,0,0,1,1,-1,4,159,-59,37,37,37,238,181,12,-1,176,187,169,190,1,10557
156.135063172,9,5,6,-3,14,-2,1,-2,5,20,60,89,32,37,234,181,12,-1,184,175,204,159,1,10558
156.16407609,9,6,6,-5,3,6,0,-3,6,214,-28,96,37,35,238,181,12,-1,189,177,171,184,1,10559
